Date, Open, High, Low, Close, Volume
03/25/19, 1.75, 1.95, 1.7368, 1.8335, 36256
03/22/19, 1.73, 1.82, 1.7211, 1.76, 7073
03/21/19, 1.76, 1.76, 1.72, 1.72, 8124
03/20/19, 1.79, 1.79, 1.76, 1.76, 4987
03/19/19, 1.83, 1.83, 1.78, 1.78, 9975
03/18/19, 1.77, 1.84, 1.77, 1.84, 3154
03/15/19, 1.84, 1.84, 1.77, 1.77, 11381
03/14/19, 1.8294, 1.84, 1.8294, 1.84, 13425
03/13/19, 1.84, 1.84, 1.8399, 1.8399, 1109
03/12/19, 1.84, 1.84, 1.82, 1.84, 6051
03/11/19, 1.86, 1.93, 1.77, 1.93, 16750
03/08/19, 1.8593, 1.90, 1.82, 1.85, 27891
03/07/19, 1.81, 2.00, 1.79, 1.81, 42179
03/06/19, 1.7912, 1.81, 1.78, 1.80, 10060
03/05/19, 1.76, 1.769, 1.751, 1.7527, 3683
03/04/19, 1.86, 1.86, 1.76, 1.77, 2471
03/01/19, 1.82, 1.86, 1.7886, 1.86, 3797
02/28/19, 1.86, 1.86, 1.8143, 1.86, 3082
02/27/19, 1.84, 1.84, 1.84, 1.84, 393
02/26/19, 1.91, 1.91, 1.74, 1.80, 13083
02/25/19, 1.91, 1.91, 1.85, 1.894, 1524
02/22/19, 1.94, 1.94, 1.94, 1.94, 184
02/21/19, 1.95, 1.95, 1.85, 1.90, 10624
02/20/19, 1.9302, 1.95, 1.89, 1.89, 8004
02/19/19, 1.93, 1.93, 1.89, 1.8958, 3186
02/15/19, 1.89, 1.89, 1.89, 1.89, 195
02/14/19, 1.89, 1.89, 1.85, 1.85, 1086
02/13/19, 1.76, 1.85, 1.7575, 1.85, 4204
02/12/19, 1.76, 1.78, 1.76, 1.76, 2818
02/11/19, 1.90, 1.90, 1.69, 1.69, 25235
02/08/19, 1.9835, 1.9835, 1.94, 1.94, 276
02/07/19, 1.81, 1.9001, 1.81, 1.9001, 929
02/06/19, 1.86, 1.86, 1.86, 1.86, 61
02/05/19, 1.94, 1.94, 1.94, 1.94, 921
02/04/19, 1.92, 1.94, 1.92, 1.94, 891
02/01/19, 1.85, 1.9887, 1.85, 1.88, 1811
01/31/19, 2.00, 2.00, 1.964, 1.964, 1241
01/30/19, 1.97, 1.9999, 1.85, 1.8851, 3137
01/29/19, 2.10, 2.10, 2.07, 2.07, 717
01/28/19, 1.96, 2.11, 1.95, 2.11, 1348
01/25/19, 1.96, 1.96, 1.96, 1.96, 323
01/24/19, 1.96, 1.96, 1.96, 1.96, 254
01/23/19, 1.93, 2.11, 1.93, 2.11, 493
01/22/19, 1.93, 2.08, 1.93, 1.95, 5276
01/18/19, 1.87, 1.9662, 1.87, 1.94, 4737
01/17/19, 2.07, 2.1699, 1.72, 1.83, 34412
01/16/19, 1.96, 2.13, 1.96, 2.0605, 20121
01/15/19, 1.94, 1.96, 1.94, 1.96, 986
01/14/19, 1.94, 1.94, 1.94, 1.94, 956
01/11/19, 1.90, 1.90, 1.90, 1.90, 2668
01/10/19, 1.86, 1.86, 1.86, 1.86, 169
01/09/19, 1.82, 1.82, 1.82, 1.82, 303
01/08/19, 1.94, 1.94, 1.94, 1.94, 445
01/07/19, 1.77, 1.95, 1.77, 1.94, 5220
01/04/19, 1.89, 1.89, 1.70, 1.79, 2584
01/03/19, 1.81, 1.96, 1.71, 1.71, 3276
01/02/19, 1.70, 1.77, 1.70, 1.77, 615
12/31/18, 1.65, 2.02, 1.65, 1.8269, 3152
12/28/18, 1.92, 2.05, 1.84, 1.8901, 16296
12/27/18, 1.7138, 1.75, 1.6201, 1.67, 6799
12/26/18, 1.83, 1.84, 1.72, 1.73, 14105
12/24/18, 1.8504, 1.87, 1.85, 1.85, 1525
12/21/18, 1.94, 1.9415, 1.83, 1.83, 17275
12/20/18, 1.97, 2.0092, 1.97, 1.97, 6008
12/19/18, 1.97, 2.0401, 1.97, 2.0401, 1099
12/18/18, 1.97, 2.0401, 1.97, 2.01, 3547
12/17/18, 1.97, 2.0592, 1.97, 1.9793, 3445
12/14/18, 1.97, 1.97, 1.97, 1.97, 15
12/13/18, 1.97, 1.9988, 1.97, 1.97, 3199
12/12/18, 1.97, 1.97, 1.97, 1.97, 507
12/11/18, 1.98, 1.99, 1.97, 1.98, 7855
12/10/18, 1.98, 2.00, 1.98, 1.98, 10530
12/07/18, 2.00, 2.00, 2.00, 2.00, 48
12/06/18, 2.05, 2.0648, 2.01, 2.01, 1139
12/04/18, 1.9899, 2.0399, 1.986, 1.986, 1496
12/03/18, 2.0689, 2.0689, 1.9811, 1.9811, 1479
11/30/18, 2.05, 2.08, 1.98, 1.98, 2683
11/29/18, 2.00, 2.05, 1.95, 2.05, 2237
11/28/18, 2.0542, 2.0542, 1.96, 2.026, 2965
11/27/18, 1.9707, 1.9708, 1.95, 1.9708, 1014
11/26/18, 2.06, 2.1185, 1.96, 1.96, 10933
11/23/18, 2.08, 2.08, 1.9554, 2.06, 3210
11/21/18, 1.9996, 2.00, 1.99, 2.00, 3268
11/20/18, 1.95, 2.02, 1.95, 1.9604, 2545
11/19/18, 2.0399, 2.084, 1.95, 2.00, 10092
11/16/18, 2.07, 2.07, 1.9788, 2.01, 7353
11/15/18, 2.01, 2.03, 1.9902, 1.9999, 3034
11/14/18, 2.12, 2.1499, 1.9567, 2.00, 14802
11/13/18, 2.15, 2.15, 2.00, 2.00, 1730
11/12/18, 2.08, 2.14, 2.05, 2.14, 1059
11/09/18, 2.20, 2.20, 2.0048, 2.0048, 7539
11/08/18, 2.07, 2.20, 2.05, 2.13, 20931
11/07/18, 2.09, 2.20, 2.08, 2.10, 3603
11/06/18, 2.09, 2.1757, 2.06, 2.06, 2549
11/05/18, 2.09, 2.11, 2.06, 2.11, 3744
11/02/18, 2.08, 2.115, 2.05, 2.0599, 7442
11/01/18, 2.25, 2.25, 2.02, 2.04, 16205
10/31/18, 2.10, 2.80, 2.0045, 2.16, 213695
10/30/18, 1.90, 2.00, 1.90, 1.9981, 12483
10/29/18, 2.04, 2.05, 1.92, 1.92, 2657
10/26/18, 1.92, 2.1342, 1.91, 2.0183, 3240
10/25/18, 2.0704, 2.38, 1.92, 1.93, 67517
10/24/18, 2.0075, 2.0075, 2.0031, 2.0031, 1000
10/23/18, 2.08, 2.08, 2.07, 2.08, 1738
10/22/18, 2.07, 2.1076, 2.03, 2.03, 1442
10/19/18, 2.141, 2.141, 2.01, 2.01, 3501
10/18/18, 2.07, 2.0804, 2.065, 2.07, 2615
10/17/18, 2.02, 2.029, 2.01, 2.02, 1802
10/16/18, 2.0908, 2.0908, 2.03, 2.09, 2548
10/15/18, 2.0603, 2.12, 2.05, 2.07, 6360
10/12/18, 2.0603, 2.0899, 2.05, 2.05, 2556
10/11/18, 2.07, 2.08, 2.0402, 2.05, 6106
10/10/18, 2.19, 2.1994, 2.17, 2.17, 3487
10/09/18, 2.12, 2.1378, 2.12, 2.12, 3073
10/08/18, 2.15, 2.1501, 2.0701, 2.0701, 2314
10/05/18, 2.2305, 2.2305, 2.1627, 2.184, 6188
10/04/18, 2.19, 2.23, 2.15, 2.23, 6809
10/03/18, 2.2317, 2.27, 2.18, 2.27, 6579
10/02/18, 2.2211, 2.227, 2.20, 2.2044, 8593
10/01/18, 2.27, 2.27, 2.24, 2.24, 1075
09/28/18, 2.30, 2.30, 2.19, 2.20, 3883
09/27/18, 2.25, 2.2999, 2.25, 2.2925, 2636
09/26/18, 2.18, 2.21, 2.18, 2.20, 1422
09/25/18, 2.19, 2.19, 2.19, 2.19, 93
09/24/18, 2.1766, 2.3349, 2.1766, 2.3349, 1848
09/21/18, 2.23, 2.34, 2.1708, 2.32, 3155
09/20/18, 2.23, 2.3036, 2.23, 2.3036, 597
09/19/18, 2.27, 2.27, 2.1501, 2.1845, 2134
09/18/18, 2.20, 2.31, 2.20, 2.2556, 801
09/17/18, 2.17, 2.17, 2.17, 2.17, 183
09/14/18, 2.45, 2.45, 2.256, 2.26, 2690
09/13/18, 2.38, 2.38, 2.2539, 2.38, 6322
09/12/18, 2.13, 2.28, 2.13, 2.28, 1275
09/11/18, 2.30, 2.30, 2.10, 2.2845, 7360
09/10/18, 2.20, 2.217, 2.0317, 2.217, 8736
09/07/18, 2.20, 2.20, 2.20, 2.20, 106
09/06/18, 2.224, 2.239, 2.224, 2.239, 3362
09/05/18, 2.25, 2.32, 2.25, 2.316, 6341
09/04/18, 2.35, 2.39, 2.3481, 2.35, 2743
08/31/18, 2.36, 2.39, 2.36, 2.39, 600
08/30/18, 2.3147, 2.45, 2.2013, 2.45, 10334
08/29/18, 2.35, 2.3504, 2.32, 2.32, 6176
08/28/18, 2.37, 2.3984, 2.35, 2.35, 4827
08/27/18, 2.45, 2.5941, 2.351, 2.37, 43577
08/24/18, 2.43, 2.45, 2.4181, 2.44, 1894
08/23/18, 2.3739, 2.41, 2.3739, 2.41, 1864
08/22/18, 2.35, 2.4376, 2.35, 2.36, 5835
08/21/18, 2.45, 2.45, 2.36, 2.36, 4678
08/20/18, 2.36, 2.49, 2.35, 2.4334, 5532
08/17/18, 2.36, 2.40, 2.35, 2.3775, 9062
08/16/18, 2.50, 2.50, 2.36, 2.36, 1080
08/15/18, 2.64, 2.6584, 2.39, 2.507, 15968
08/14/18, 2.46, 2.72, 2.46, 2.63, 34072
08/13/18, 2.45, 2.489, 2.40, 2.41, 8685
08/10/18, 2.40, 2.4295, 2.3562, 2.3562, 3086
08/09/18, 2.42, 2.42, 2.41, 2.41, 1948
08/08/18, 2.40, 2.40, 2.40, 2.40, 619
08/07/18, 2.40, 2.41, 2.39, 2.41, 3800
08/06/18, 2.40, 2.41, 2.3618, 2.41, 9951
08/03/18, 2.42, 2.42, 2.35, 2.35, 4700
08/02/18, 2.35, 2.44, 2.35, 2.43, 2314
08/01/18, 2.33, 2.48, 2.33, 2.38, 5174
07/31/18, 2.36, 2.36, 2.35, 2.35, 7905
07/30/18, 2.3695, 2.4378, 2.35, 2.35, 13310
07/27/18, 2.40, 2.43, 2.395, 2.40, 13914
07/26/18, 2.35, 2.4072, 2.35, 2.369, 7389
07/25/18, 2.36, 2.42, 2.35, 2.35, 25153
07/24/18, 2.53, 2.57, 2.35, 2.35, 37089
07/23/18, 2.60, 2.6367, 2.46, 2.50, 16235
07/20/18, 2.5551, 2.6843, 2.46, 2.50, 26294
07/19/18, 2.68, 2.68, 2.56, 2.56, 5483
07/18/18, 2.64, 2.809, 2.58, 2.64, 19425
07/17/18, 2.8651, 2.8651, 2.55, 2.55, 27690
07/16/18, 2.72, 2.79, 2.5463, 2.77, 10316
07/13/18, 2.79, 2.79, 2.51, 2.51, 1952
07/12/18, 2.86, 2.8673, 2.58, 2.79, 23380
07/11/18, 2.84, 2.886, 2.811, 2.83, 23037
07/10/18, 2.75, 3.05, 2.6939, 2.83, 96504
07/09/18, 2.44, 2.689, 2.44, 2.5968, 66910
07/06/18, 2.44, 2.46, 2.44, 2.45, 1262
07/05/18, 2.44, 2.5053, 2.44, 2.4875, 959
07/03/18, 2.45, 2.45, 2.42, 2.42, 3316
07/02/18, 2.40, 2.44, 2.40, 2.42, 10176
06/29/18, 2.43, 2.486, 2.41, 2.41, 13454
06/28/18, 2.42, 2.4999, 2.4075, 2.41, 35274
06/27/18, 2.49, 2.52, 2.4004, 2.42, 11046
06/26/18, 2.52, 2.58, 2.45, 2.505, 5566
06/25/18, 2.50, 2.59, 2.451, 2.5223, 30703
06/22/18, 2.44, 2.48, 2.40, 2.48, 4353
06/21/18, 2.50, 2.50, 2.41, 2.42, 16262
06/20/18, 2.5172, 2.54, 2.51, 2.54, 2396
06/19/18, 2.55, 2.60, 2.51, 2.51, 14074
06/18/18, 2.57, 2.70, 2.55, 2.55, 7142
06/15/18, 2.58, 2.66, 2.56, 2.59, 12614
06/14/18, 3.14, 3.4835, 2.581, 2.63, 124533
06/13/18, 2.56, 2.92, 2.53, 2.90, 83727
06/12/18, 2.55, 2.6486, 2.53, 2.53, 12729
06/11/18, 2.51, 2.56, 2.50, 2.55, 37206
06/08/18, 2.3782, 2.48, 2.3685, 2.39, 17940
06/07/18, 2.52, 2.53, 2.31, 2.45, 67706
06/06/18, 2.47, 2.77, 2.42, 2.42, 6946
06/05/18, 2.44, 2.50, 2.43, 2.48, 3984
06/04/18, 2.48, 2.55, 2.40, 2.43, 18240
06/01/18, 2.59, 2.59, 2.43, 2.49, 20926
05/31/18, 2.55, 2.55, 2.45, 2.45, 20115
05/30/18, 2.50, 2.63, 2.45, 2.50, 8416
05/29/18, 2.42, 2.60, 2.42, 2.48, 2308
05/25/18, 2.49, 2.4924, 2.40, 2.42, 12152
05/24/18, 2.4436, 2.7074, 2.4347, 2.46, 5407
05/23/18, 2.55, 2.55, 2.51, 2.538, 8835
05/22/18, 2.55, 2.6204, 2.5001, 2.59, 17985
05/21/18, 2.6062, 2.63, 2.47, 2.53, 36930
05/18/18, 2.56, 2.74, 2.558, 2.5583, 17792
05/17/18, 2.55, 2.9465, 2.55, 2.57, 12014
05/16/18, 3.04, 3.1635, 2.51, 2.66, 30067
05/15/18, 2.72, 2.98, 2.72, 2.75, 14817
05/14/18, 3.09, 3.308, 2.761, 2.80, 10815
05/11/18, 2.99, 3.30, 2.8725, 2.96, 32916
05/10/18, 2.75, 2.99, 2.75, 2.83, 25583
05/09/18, 2.70, 3.15, 2.70, 2.765, 78784
05/08/18, 2.439, 2.799, 2.40, 2.66, 88093
05/07/18, 2.389, 2.54, 2.3801, 2.4527, 6479
05/04/18, 2.4329, 2.68, 2.43, 2.50, 24236
05/03/18, 2.43, 2.4332, 2.36, 2.43, 6728
05/02/18, 2.4698, 2.4924, 2.42, 2.4321, 5191
05/01/18, 2.50, 2.59, 2.50, 2.57, 1389
04/30/18, 2.52, 2.56, 2.52, 2.54, 2124
04/27/18, 2.67, 2.67, 2.45, 2.53, 7173
04/26/18, 2.60, 2.69, 2.5417, 2.69, 3090
04/25/18, 2.54, 2.58, 2.54, 2.58, 4268
04/24/18, 2.70, 2.80, 2.412, 2.54, 4739
04/23/18, 2.60, 2.69, 2.55, 2.69, 2514
04/20/18, 2.60, 2.68, 2.56, 2.60, 6729
04/19/18, 2.67, 2.71, 2.65, 2.66, 3940
04/18/18, 2.77, 2.77, 2.5351, 2.69, 18684
04/17/18, 2.60, 2.77, 2.50, 2.74, 43920
04/16/18, 2.60, 2.73, 2.45, 2.57, 26678
04/13/18, 2.55, 2.65, 2.47, 2.55, 40416
04/12/18, 2.55, 2.6196, 2.4208, 2.56, 47039
04/11/18, 2.50, 2.6303, 2.3935, 2.6086, 8117
04/10/18, 2.42, 2.75, 2.42, 2.52, 28942
04/09/18, 2.49, 2.5552, 2.40, 2.42, 22046
04/06/18, 2.46, 2.56, 2.46, 2.4602, 3931
04/05/18, 2.36, 2.52, 2.32, 2.48, 42548
04/04/18, 2.40, 2.42, 2.331, 2.34, 3237
04/03/18, 2.50, 2.50, 2.32, 2.43, 15638
04/02/18, 2.75, 2.81, 2.34, 2.35, 105938
03/29/18, 2.86, 2.9784, 2.85, 2.85, 15159
03/28/18, 3.02, 3.16, 2.8668, 3.00, 27943
03/27/18, 3.13, 3.15, 2.959, 3.00, 10999
03/26/18, 3.17, 3.319, 3.07, 3.18, 32100
03/23/18, 3.39, 3.4865, 3.15, 3.17, 45771
03/22/18, 3.53, 3.53, 3.3691, 3.42, 18229
03/21/18, 3.48, 3.7301, 3.31, 3.50, 41461
03/20/18, 3.51, 3.5302, 3.30, 3.4798, 43925
03/19/18, 3.56, 3.65, 3.3635, 3.52, 52408
03/16/18, 3.49, 3.5999, 3.47, 3.53, 55726
03/15/18, 3.36, 3.6586, 3.35, 3.4808, 297746
03/14/18, 3.32, 3.4324, 3.251, 3.35, 49970
03/13/18, 3.37, 3.40, 3.2575, 3.31, 19000
03/12/18, 3.26, 3.4551, 3.20, 3.35, 58314
03/09/18, 3.29, 3.5599, 3.19, 3.24, 44097
03/08/18, 3.39, 3.594, 3.20, 3.32, 65333
03/07/18, 3.32, 3.5999, 3.15, 3.43, 111511
03/06/18, 3.84, 3.98, 3.24, 3.39, 309078
03/05/18, 4.02, 4.28, 3.75, 3.79, 415484
03/02/18, 3.97, 4.20, 3.76, 3.98, 176374
03/01/18, 3.75, 4.15, 3.66, 3.97, 317184
02/28/18, 3.60, 5.25, 3.60, 3.83, 1649614
02/27/18, 3.07, 3.50, 3.07, 3.50, 216390
02/26/18, 2.90, 3.10, 2.8501, 3.04, 128795
02/23/18, 2.73, 2.98, 2.56, 2.82, 151392
02/22/18, 2.44, 2.70, 2.2901, 2.5799, 167887
02/21/18, 2.14, 2.60, 2.07, 2.284, 142933
02/20/18, 2.04, 2.0902, 2.04, 2.09, 9341
02/16/18, 1.94, 2.02, 1.84, 2.02, 9188
02/15/18, 1.8601, 1.92, 1.8601, 1.92, 1779
02/14/18, 1.98, 1.9943, 1.98, 1.9943, 1415
02/13/18, 1.96, 2.07, 1.89, 1.89, 2316
02/12/18, 1.82, 2.08, 1.82, 1.96, 6670
02/09/18, 1.83, 1.8873, 1.72, 1.8873, 27964
02/08/18, 1.80, 1.8479, 1.78, 1.78, 8435
02/07/18, 1.8254, 1.94, 1.7901, 1.7937, 6012
02/06/18, 1.80, 1.8901, 1.7701, 1.85, 18126
02/05/18, 2.00, 2.02, 1.83, 1.89, 37512
02/02/18, 2.06, 2.11, 1.91, 2.06, 36568
02/01/18, 2.08, 2.09, 2.0501, 2.06, 1796
01/31/18, 2.09, 2.16, 2.0501, 2.08, 18822
01/30/18, 2.1199, 2.12, 2.10, 2.12, 2754
01/29/18, 2.14, 2.19, 2.07, 2.12, 5534
01/26/18, 2.1174, 2.14, 2.1073, 2.14, 2734
01/25/18, 2.09, 2.14, 2.09, 2.14, 5838
01/24/18, 2.146, 2.146, 2.0875, 2.11, 12133
01/23/18, 2.14, 2.225, 2.14, 2.1699, 5824
01/22/18, 2.20, 2.20, 2.14, 2.16, 4533
01/19/18, 2.28, 2.28, 2.1025, 2.18, 3993
01/18/18, 2.16, 2.26, 2.1052, 2.14, 3407
01/17/18, 2.18, 2.18, 2.0745, 2.18, 12501
01/16/18, 2.20, 2.20, 2.06, 2.17, 6428
01/12/18, 2.19, 2.23, 2.1052, 2.19, 6163
01/11/18, 2.13, 2.18, 2.1105, 2.18, 6082
01/10/18, 2.09, 2.11, 2.0501, 2.11, 4408
01/09/18, 2.091, 2.1272, 2.078, 2.0827, 9795
01/08/18, 2.14, 2.18, 2.08, 2.1099, 15145
01/05/18, 2.34, 2.3901, 2.1023, 2.1589, 54004
01/04/18, 2.17, 2.64, 2.12, 2.3895, 508072
01/03/18, 2.10, 2.126, 2.07, 2.07, 610
01/02/18, 2.08, 2.24, 2.08, 2.09, 13349
12/29/17, 2.09, 2.18, 2.072, 2.09, 15181
12/28/17, 2.07, 2.11, 2.07, 2.09, 3301
12/27/17, 2.10, 2.10, 2.08, 2.08, 2355
12/26/17, 2.11, 2.12, 2.08, 2.0999, 15729
12/22/17, 2.081, 2.09, 2.07, 2.07, 3630
12/21/17, 2.13, 2.1442, 2.07, 2.07, 12755
12/20/17, 2.14, 2.161, 2.08, 2.14, 39120
12/19/17, 2.07, 2.15, 2.06, 2.09, 11719
12/18/17, 2.12, 2.26, 2.0703, 2.10, 37803
12/15/17, 2.21, 2.30, 2.16, 2.16, 16699
12/14/17, 2.10, 2.18, 2.088, 2.15, 3982
12/13/17, 2.1401, 2.27, 2.08, 2.08, 18318
12/12/17, 2.05, 2.1757, 2.05, 2.101, 21764
12/11/17, 2.10, 2.1041, 2.02, 2.09, 3056
12/08/17, 2.0652, 2.15, 2.01, 2.061, 14657
12/07/17, 2.0778, 2.11, 2.07, 2.08, 1219
12/06/17, 2.06, 2.17, 2.06, 2.0804, 11367
12/05/17, 2.17, 2.22, 2.07, 2.09, 44372
12/04/17, 2.1001, 2.259, 2.0683, 2.11, 75344
12/01/17, 2.09, 2.1144, 2.05, 2.0601, 7639
11/30/17, 2.11, 2.15, 2.08, 2.11, 25204
11/29/17, 2.05, 2.19, 2.05, 2.13, 23771
11/28/17, 2.35, 2.35, 2.01, 2.05, 105605
11/27/17, 2.43, 3.7499, 2.27, 2.33, 1447636
11/24/17, 2.12, 3.32, 2.12, 2.455, 433891
11/22/17, 2.08, 2.18, 2.06, 2.12, 12551
11/21/17, 2.1216, 2.22, 2.07, 2.07, 3153
11/20/17, 2.19, 2.19, 2.0864, 2.13, 11217
11/17/17, 2.05, 2.1644, 2.03, 2.16, 10010
11/16/17, 2.05, 2.20, 2.05, 2.08, 20373
11/15/17, 2.10, 2.10, 2.02, 2.05, 22281
11/14/17, 2.13, 2.1699, 2.03, 2.03, 11656
11/13/17, 2.21, 2.30, 2.11, 2.11, 48557
11/10/17, 2.24, 2.26, 2.04, 2.21, 33546
11/09/17, 2.22, 2.22, 2.20, 2.22, 1355
11/08/17, 2.20, 2.20, 2.1439, 2.1723, 1617
11/07/17, 2.04, 2.20, 2.04, 2.20, 24141
11/06/17, 2.10, 2.12, 2.06, 2.06, 27062
11/03/17, 2.09, 2.42, 2.09, 2.12, 64493
11/02/17, 2.01, 2.19, 2.01, 2.13, 53106
11/01/17, 2.04, 2.05, 2.01, 2.04, 6526
10/31/17, 2.07, 2.07, 2.05, 2.065, 1453
10/30/17, 2.13, 2.13, 2.0914, 2.0914, 2457
10/27/17, 2.066, 2.13, 2.066, 2.10, 4386
10/26/17, 2.13, 2.1444, 2.0055, 2.10, 8055
10/25/17, 2.1407, 2.19, 2.06, 2.16, 12603
10/24/17, 2.12, 2.2608, 2.04, 2.12, 38365
10/23/17, 1.97, 2.131, 1.96, 2.08, 29169
10/20/17, 1.96, 2.04, 1.94, 2.0301, 11195
10/19/17, 1.88, 1.99, 1.775, 1.95, 78306
10/18/17, 1.96, 1.99, 1.81, 1.88, 65781
10/17/17, 1.98, 2.00, 1.96, 1.97, 16729
10/16/17, 2.00, 2.0299, 1.87, 2.01, 34552
10/13/17, 2.005, 2.0051, 1.92, 1.94, 16927
10/12/17, 2.02, 2.0216, 1.95, 1.98, 9267
10/11/17, 1.9934, 2.02, 1.99, 2.01, 16349
10/10/17, 2.05, 2.05, 1.98, 1.99, 36141
10/09/17, 2.11, 2.1361, 1.93, 1.9835, 83133
10/06/17, 2.10, 2.15, 2.05, 2.1499, 11494
10/05/17, 2.0592, 2.16, 2.0404, 2.11, 17715
10/04/17, 2.09, 2.14, 2.06, 2.08, 35034
10/03/17, 2.04, 2.0755, 1.93, 2.04, 37063
10/02/17, 2.06, 2.0724, 1.95, 2.01, 47698
09/29/17, 2.21, 2.31, 1.80, 2.11, 184336
09/28/17, 2.40, 2.45, 2.23, 2.23, 4086
09/27/17, 2.45, 2.6499, 2.21, 2.39, 20921
09/26/17, 2.29, 2.395, 2.29, 2.38, 1851
09/25/17, 2.33, 2.36, 2.2184, 2.36, 7809
09/22/17, 2.31, 2.31, 2.24, 2.28, 11381
09/21/17, 2.38, 2.38, 2.345, 2.3457, 2287
09/20/17, 2.44, 2.44, 2.38, 2.38, 1221
09/19/17, 2.51, 2.6673, 2.3432, 2.40, 13358
09/18/17, 2.29, 2.50, 2.21, 2.50, 29431
09/15/17, 2.24, 2.28, 2.21, 2.25, 18892
09/14/17, 2.18, 2.2602, 2.18, 2.231, 8503
09/13/17, 2.11, 2.42, 2.08, 2.18, 68625
09/12/17, 2.06, 2.12, 2.06, 2.0921, 32958
09/11/17, 2.10, 2.13, 2.05, 2.06, 5111
09/08/17, 2.11, 2.13, 2.09, 2.13, 2561
09/07/17, 2.06, 2.09, 2.05, 2.09, 5097
09/06/17, 2.05, 2.0687, 2.04, 2.04, 12753
09/05/17, 2.20, 2.20, 2.03, 2.09, 28000
09/01/17, 2.25, 2.25, 2.12, 2.12, 5055
08/31/17, 2.329, 2.39, 2.061, 2.2043, 4938
08/30/17, 2.10, 2.10, 2.0788, 2.08, 6279
08/29/17, 2.0634, 2.07, 2.0586, 2.07, 18847
08/28/17, 2.05, 2.09, 2.00, 2.07, 5740
08/25/17, 2.04, 2.06, 2.04, 2.06, 2677
08/24/17, 2.06, 2.06, 2.03, 2.03, 2515
08/23/17, 2.07, 2.07, 2.06, 2.06, 844
08/22/17, 2.10, 2.1169, 2.06, 2.06, 2613
08/21/17, 2.09, 2.09, 2.04, 2.08, 4362
08/18/17, 2.071, 2.13, 2.06, 2.06, 5351
08/17/17, 2.18, 2.29, 2.05, 2.05, 33661
08/16/17, 2.08, 2.17, 2.08, 2.17, 4778
08/15/17, 2.12, 2.12, 2.03, 2.07, 13486
08/14/17, 2.07, 2.1865, 2.03, 2.12, 35121
08/11/17, 2.11, 2.247, 2.05, 2.06, 41280
08/10/17, 2.1867, 2.1867, 2.07, 2.07, 16545
08/09/17, 2.14, 2.24, 2.05, 2.13, 15683
08/08/17, 2.18, 2.1926, 2.0942, 2.0942, 3523
08/07/17, 2.1512, 2.19, 2.1512, 2.18, 4793
08/04/17, 2.13, 2.16, 2.09, 2.16, 24235
08/03/17, 2.0141, 2.13, 2.0141, 2.13, 31194
08/02/17, 2.00, 2.0968, 2.00, 2.03, 11169
08/01/17, 2.0341, 2.12, 2.01, 2.01, 4038
07/31/17, 2.101, 2.23, 2.01, 2.08, 19264
07/28/17, 2.23, 2.23, 2.10, 2.10, 20309
07/27/17, 2.24, 2.35, 2.1374, 2.186, 86475
07/26/17, 2.3127, 2.3127, 2.19, 2.24, 18441
07/25/17, 2.29, 2.32, 2.27, 2.28, 8542
07/24/17, 2.2701, 2.3368, 2.27, 2.29, 18389
07/21/17, 2.27, 2.38, 2.24, 2.26, 24966
07/20/17, 2.33, 2.38, 2.24, 2.30, 70135
07/19/17, 2.44, 2.516, 2.21, 2.33, 81598
07/18/17, 2.35, 2.559, 2.20, 2.44, 51292
07/17/17, 2.60, 2.60, 2.32, 2.36, 44223
07/14/17, 2.55, 2.67, 2.55, 2.64, 10449
07/13/17, 2.49, 2.69, 2.38, 2.53, 11764
07/12/17, 2.29, 2.52, 2.29, 2.3852, 78228
07/11/17, 2.41, 2.4329, 2.25, 2.30, 89799
07/10/17, 2.52, 2.67, 2.40, 2.41, 18599
07/07/17, 2.68, 2.75, 2.50, 2.52, 12916
07/06/17, 2.72, 2.75, 2.66, 2.66, 16135
07/05/17, 2.75, 2.82, 2.61, 2.74, 20500
07/03/17, 2.80, 2.91, 2.61, 2.78, 3405
06/30/17, 2.51, 2.89, 2.51, 2.89, 35320
06/29/17, 2.49, 2.63, 2.44, 2.50, 59772
06/28/17, 2.73, 2.73, 2.50, 2.59, 54383
06/27/17, 2.8001, 2.889, 2.65, 2.7126, 38959
06/26/17, 2.95, 2.95, 2.8001, 2.87, 9513
06/23/17, 2.99, 2.99, 2.60, 2.92, 107743
06/22/17, 2.92, 3.135, 2.61, 2.89, 180680
06/21/17, 2.81, 3.46, 2.75, 2.77, 399790
06/20/17, 2.51, 2.91, 2.45, 2.72, 203577
06/19/17, 2.36, 2.50, 2.33, 2.45, 67450
06/16/17, 2.44, 2.44, 2.15, 2.22, 67820
06/15/17, 2.15, 2.50, 2.12, 2.42, 148330
06/14/17, 2.10, 2.1641, 2.0377, 2.116, 7330
06/13/17, 2.13, 2.1957, 1.95, 2.0969, 66076
06/12/17, 1.98, 2.1358, 1.9799, 2.11, 70705
06/09/17, 1.99, 1.99, 1.95, 1.95, 1841
06/08/17, 1.9588, 1.9626, 1.9495, 1.9626, 758
06/07/17, 2.00, 2.00, 1.861, 1.9502, 5661
06/06/17, 2.00, 2.00, 1.84, 1.99, 3560
06/05/17, 1.9601, 2.00, 1.9594, 2.00, 4630
06/02/17, 1.9017, 1.93, 1.88, 1.93, 956
06/01/17, 1.8999, 1.90, 1.885, 1.885, 3386
05/31/17, 1.94, 1.96, 1.91, 1.96, 9248
05/30/17, 1.94, 1.98, 1.91, 1.92, 44549
05/26/17, 1.92, 1.92, 1.90, 1.90, 661
05/25/17, 1.84, 1.87, 1.814, 1.87, 10734
05/24/17, 1.85, 1.879, 1.78, 1.85, 24114
05/23/17, 1.8928, 1.93, 1.85, 1.85, 5336
05/22/17, 1.7806, 1.85, 1.7806, 1.85, 6205
05/19/17, 1.92, 1.92, 1.80, 1.84, 5954
05/18/17, 1.9399, 1.9399, 1.8605, 1.92, 3005
05/17/17, 1.9612, 1.9612, 1.90, 1.90, 2292
05/16/17, 1.82, 1.9763, 1.70, 1.97, 39515
05/15/17, 1.9022, 1.94, 1.64, 1.71, 65649
05/12/17, 1.94, 1.94, 1.94, 1.94, 126
05/11/17, 1.86, 1.9658, 1.85, 1.9658, 3465
05/10/17, 1.9662, 1.9662, 1.89, 1.89, 4142
05/09/17, 1.88, 1.96, 1.85, 1.92, 17467
05/08/17, 1.77, 1.889, 1.77, 1.7845, 1614
05/05/17, 1.55, 1.80, 1.55, 1.77, 42072
05/04/17, 1.60, 1.6966, 1.5401, 1.60, 8524
05/03/17, 1.68, 1.694, 1.5301, 1.61, 19850
05/02/17, 1.76, 1.80, 1.58, 1.69, 54803
05/01/17, 1.80, 1.80, 1.76, 1.76, 624
04/28/17, 1.83, 1.84, 1.8018, 1.8018, 12499
04/27/17, 1.87, 1.94, 1.771, 1.82, 42911
04/26/17, 1.93, 1.98, 1.84, 1.98, 34816
04/25/17, 1.9168, 1.94, 1.89, 1.90, 6365
04/24/17, 1.88, 2.01, 1.80, 1.92, 17624
04/21/17, 2.04, 2.04, 1.88, 1.90, 23557
04/20/17, 2.04, 2.05, 1.97, 1.97, 5696
04/19/17, 2.04, 2.10, 1.95, 1.96, 16706
04/18/17, 2.00, 2.04, 2.00, 2.00, 7351
04/17/17, 1.99, 2.04, 1.99, 1.99, 2299
04/13/17, 1.97, 1.9867, 1.97, 1.98, 2261
04/12/17, 2.00, 2.00, 1.97, 1.97, 3642
04/11/17, 2.04, 2.04, 1.97, 1.97, 1743
04/10/17, 2.01, 2.0438, 1.9984, 1.9984, 1542
04/07/17, 2.05, 2.05, 1.99, 2.0365, 7789
04/06/17, 1.92, 2.07, 1.92, 1.98, 31410
04/05/17, 1.96, 1.96, 1.9314, 1.9314, 1905
04/04/17, 2.05, 2.05, 1.92, 1.96, 14541
04/03/17, 2.06, 2.06, 2.05, 2.06, 338
03/31/17, 1.93, 1.93, 1.93, 1.93, 30
03/30/17, 1.96, 2.04, 1.96, 1.97, 764
03/29/17, 1.96, 1.9706, 1.95, 1.95, 1350
03/28/17, 1.99, 1.99, 1.928, 1.96, 1769
03/27/17, 2.0001, 2.003, 2.00, 2.0029, 2261
03/24/17, 2.046, 2.046, 2.03, 2.03, 535
03/23/17, 1.999, 2.08, 1.97, 1.97, 5877
03/22/17, 1.98, 1.99, 1.9156, 1.98, 2348
03/21/17, 1.9704, 2.00, 1.96, 1.9799, 9817
03/20/17, 2.08, 2.08, 1.97, 1.97, 20837
03/17/17, 1.95, 2.09, 1.81, 1.94, 52976
03/16/17, 1.9011, 1.91, 1.81, 1.87, 14885
03/15/17, 1.95, 1.95, 1.9356, 1.9356, 4478
03/14/17, 1.90, 1.95, 1.90, 1.95, 3755
03/13/17, 1.85, 2.12, 1.85, 1.9328, 1607
03/10/17, 1.95, 1.95, 1.82, 1.83, 7793
03/09/17, 1.97, 1.97, 1.8201, 1.86, 44967
03/08/17, 2.02, 2.037, 1.86, 1.93, 13946
03/07/17, 2.00, 2.21, 2.00, 2.00, 99355
03/06/17, 2.09, 2.09, 1.75, 1.972, 21988
03/03/17, 1.87, 2.46, 1.87, 2.07, 219214
03/02/17, 1.85, 1.91, 1.84, 1.8401, 9682
03/01/17, 1.81, 1.90, 1.81, 1.85, 4306
02/28/17, 1.99, 1.99, 1.83, 1.88, 13582
02/27/17, 2.0201, 2.0635, 1.93, 1.98, 23484
02/24/17, 2.03, 2.06, 2.006, 2.05, 27105
02/23/17, 2.1652, 2.1799, 2.02, 2.06, 18037
02/22/17, 2.10, 2.1545, 2.00, 2.01, 26003
02/21/17, 2.19, 2.19, 2.07, 2.08, 29972
02/17/17, 2.11, 2.36, 2.11, 2.24, 110902
02/16/17, 2.25, 2.25, 2.09, 2.09, 20181
02/15/17, 2.30, 2.30, 2.07, 2.20, 69754
02/14/17, 2.12, 2.80, 2.12, 2.3073, 606798
02/13/17, 2.14, 2.17, 2.14, 2.17, 508
02/10/17, 2.1415, 2.30, 2.075, 2.18, 17006
02/09/17, 2.05, 2.15, 2.05, 2.14, 34219
02/08/17, 2.0499, 2.09, 2.0499, 2.06, 1060
02/07/17, 2.03, 2.0688, 2.03, 2.03, 7214
02/06/17, 2.05, 2.08, 2.03, 2.08, 4111
02/03/17, 2.0126, 2.09, 2.0126, 2.08, 2344
02/02/17, 2.10, 2.10, 2.01, 2.01, 24933
02/01/17, 2.1616, 2.20, 2.0732, 2.08, 27956
01/31/17, 2.09, 2.2799, 2.07, 2.23, 143035
01/30/17, 2.10, 2.10, 2.07, 2.07, 11323
01/27/17, 2.11, 2.20, 2.07, 2.13, 19970
01/26/17, 2.07, 2.10, 2.07, 2.10, 2770
01/25/17, 2.09, 2.11, 2.0679, 2.11, 6717
01/24/17, 2.0713, 2.12, 2.0713, 2.09, 4331
01/23/17, 2.09, 2.0999, 2.0724, 2.09, 6275
01/20/17, 2.0632, 2.24, 2.0632, 2.10, 1962
01/19/17, 2.2043, 2.3171, 2.06, 2.09, 12341
01/18/17, 2.0984, 2.2147, 2.09, 2.18, 14108
01/17/17, 2.1294, 2.34, 2.06, 2.09, 57634
01/13/17, 2.07, 2.44, 2.03, 2.15, 173264
01/12/17, 2.1426, 2.1426, 2.01, 2.01, 25720
01/11/17, 2.44, 2.44, 2.141, 2.18, 70793
01/10/17, 2.2116, 2.73, 2.2116, 2.4499, 262478
01/09/17, 2.17, 2.27, 2.07, 2.21, 103924
01/06/17, 2.10, 2.6299, 2.08, 2.1417, 201067
01/05/17, 2.0562, 2.09, 2.0562, 2.08, 2215
01/04/17, 2.04, 2.10, 2.04, 2.06, 3584
01/03/17, 2.02, 2.13, 2.00, 2.06, 1380
12/30/16, 2.10, 2.13, 1.9802, 2.0015, 11394
12/29/16, 2.22, 2.25, 1.90, 2.1268, 24321
12/28/16, 2.36, 2.36, 2.21, 2.21, 2906
12/27/16, 2.4653, 2.4653, 2.22, 2.41, 8873
12/23/16, 2.3022, 2.31, 2.21, 2.22, 8032
12/22/16, 2.24, 2.30, 2.21, 2.30, 3895
12/21/16, 2.23, 2.31, 2.2001, 2.2001, 3496
12/20/16, 2.26, 2.26, 2.23, 2.25, 2124
12/19/16, 2.24, 2.31, 2.20, 2.22, 9188
12/16/16, 2.40, 2.40, 2.13, 2.20, 6164
12/15/16, 2.27, 2.31, 2.1001, 2.22, 11060
12/14/16, 2.45, 2.45, 2.20, 2.29, 21044
12/13/16, 2.36, 2.50, 2.26, 2.35, 18015
12/12/16, 2.501, 2.66, 2.31, 2.46, 15182
12/09/16, 2.67, 2.80, 2.63, 2.69, 24907
12/08/16, 2.7936, 2.89, 2.5148, 2.79, 36109
12/07/16, 2.2301, 2.87, 1.85, 2.65, 71197
12/06/16, 2.50, 2.60, 2.3436, 2.56, 33551.5
12/05/16, 2.44, 2.60, 2.30, 2.56, 31289
12/02/16, 2.32, 2.58, 2.24, 2.38, 22021.5
12/01/16, 2.42, 2.64, 2.22, 2.42, 33675.5
11/30/16, 2.42, 2.60, 2.20, 2.32, 19692.5
11/29/16, 2.58, 2.9188, 2.422, 2.4828, 57447.5
11/28/16, 2.18, 2.68, 2.128, 2.56, 96803
11/25/16, 2.14, 2.2598, 2.06, 2.1998, 14877.5
11/23/16, 2.20, 2.2398, 2.08, 2.12, 13052
11/22/16, 2.22, 2.34, 2.15, 2.28, 6187
11/21/16, 2.32, 2.34, 2.0682, 2.22, 8455
11/18/16, 2.30, 2.4546, 2.18, 2.34, 20287.5
11/17/16, 2.28, 2.34, 2.2002, 2.2602, 8272
11/16/16, 2.44, 2.48, 2.18, 2.26, 11846
11/15/16, 2.3988, 2.54, 2.32, 2.40, 18254.5
11/14/16, 2.28, 2.40, 2.18, 2.30, 10355.5
11/11/16, 2.16, 2.48, 2.16, 2.24, 30812.5
11/10/16, 2.1588, 2.3562, 2.06, 2.26, 53844
11/09/16, 2.06, 2.24, 1.96, 2.22, 25624
11/08/16, 1.93, 2.26, 1.93, 2.14, 10749
11/07/16, 2.10, 2.1996, 1.938, 1.98, 15614.5
11/04/16, 2.1982, 2.24, 2.02, 2.06, 5022.5
11/03/16, 2.02, 2.10, 1.90, 2.02, 11348.5
11/02/16, 2.18, 2.22, 2.0202, 2.04, 30477.5
11/01/16, 2.34, 2.50, 2.12, 2.18, 56766.5
10/31/16, 2.78, 2.88, 2.24, 2.38, 56137
10/28/16, 2.68, 2.8798, 2.62, 2.68, 15973.5
10/27/16, 2.90, 3.1576, 2.52, 2.62, 133214
10/26/16, 2.90, 3.818, 2.80, 3.16, 572635.5
10/25/16, 2.54, 3.10, 2.54, 2.9968, 130768.5
10/24/16, 2.38, 2.58, 2.3002, 2.476, 43912.5
10/21/16, 2.10, 2.38, 2.0988, 2.38, 45914.5
10/20/16, 2.00, 2.08, 1.92, 2.08, 25185.5
10/19/16, 1.99, 2.00, 1.9254, 1.9424, 661
10/18/16, 2.00, 2.00, 1.94, 1.9602, 19857
10/17/16, 1.84, 2.04, 1.84, 2.00, 31461
10/14/16, 1.7798, 1.84, 1.76, 1.84, 16451.5
10/13/16, 1.80, 1.80, 1.73, 1.74, 8203.5
10/12/16, 1.84, 1.84, 1.74, 1.79, 25325.5
10/11/16, 1.7042, 1.80, 1.7042, 1.78, 14526.5
10/10/16, 1.90, 1.93, 1.7202, 1.8176, 15876
10/07/16, 1.8122, 1.90, 1.76, 1.80, 47479.5
10/06/16, 1.88, 2.00, 1.76, 1.7998, 113141.5
10/05/16, 1.76, 1.90, 1.72, 1.82, 73448.5
10/04/16, 1.64, 1.75, 1.64, 1.704, 10444.5
10/03/16, 1.68, 1.72, 1.6202, 1.72, 16436
09/30/16, 1.60, 1.6506, 1.60, 1.638, 4519
09/29/16, 1.76, 1.76, 1.56, 1.6402, 61339.5
09/28/16, 1.50, 1.6974, 1.50, 1.68, 93727
09/27/16, 1.26, 1.70, 1.26, 1.50, 269780
09/26/16, 1.0978, 1.28, 1.0978, 1.23, 82919.5
09/23/16, 1.08, 1.12, 1.06, 1.066, 20377
09/22/16, 1.106, 1.136, 1.06, 1.0864, 21198.5
09/21/16, 1.12, 1.18, 1.10, 1.10, 17702
09/20/16, 1.20, 1.20, 1.12, 1.12, 9679
09/19/16, 1.14, 1.20, 1.12, 1.1212, 2371
09/16/16, 1.22, 1.24, 1.06, 1.078, 10256
09/15/16, 1.24, 1.24, 1.18, 1.18, 770
09/14/16, 1.22, 1.26, 1.16, 1.22, 4816.5
09/13/16, 1.20, 1.26, 1.121, 1.22, 1569.5
09/12/16, 1.20, 1.20, 1.19, 1.20, 6275.5
09/09/16, 1.1208, 1.20, 1.12, 1.18, 10914.5
09/08/16, 1.24, 1.26, 1.1682, 1.20, 1448.5
09/07/16, 1.22, 1.24, 1.20, 1.20, 1879
09/06/16, 1.22, 1.24, 1.1826, 1.22, 3968
09/02/16, 1.1432, 1.22, 1.1432, 1.1758, 1447.5
09/01/16, 1.216, 1.216, 1.20, 1.2158, 3959
08/31/16, 1.16, 1.20, 1.1596, 1.1596, 2618.5
08/30/16, 1.16, 1.1628, 1.156, 1.1598, 6642
08/29/16, 1.156, 1.16, 1.10, 1.16, 15717.5
08/26/16, 1.16, 1.18, 1.1002, 1.14, 3575
08/25/16, 1.1904, 1.1964, 1.0604, 1.08, 57830.5
08/24/16, 1.14, 1.198, 1.10, 1.14, 24774
08/23/16, 1.08, 1.18, 1.08, 1.16, 32065
08/22/16, 1.1196, 1.12, 1.08, 1.08, 8358.5
08/19/16, 1.0404, 1.1478, 1.0404, 1.06, 38719.5
08/18/16, 1.08, 1.0994, 1.0404, 1.0404, 21715.5
08/17/16, 1.1408, 1.1408, 1.04, 1.0662, 32025
08/16/16, 1.12, 1.18, 1.12, 1.14, 11880
08/15/16, 1.22, 1.244, 1.10, 1.198, 32665
08/12/16, 1.255, 1.255, 1.18, 1.20, 14683
08/11/16, 1.2006, 1.24, 1.14, 1.183, 21730
08/10/16, 1.255, 1.255, 1.18, 1.24, 20039.5
08/09/16, 1.26, 1.26, 1.164, 1.24, 14651.5
08/08/16, 1.1968, 1.26, 1.196, 1.255, 32046
08/05/16, 1.12, 1.24, 1.12, 1.22, 4634.5
08/04/16, 1.1904, 1.276, 1.14, 1.14, 16634.5
08/03/16, 1.28, 1.28, 1.12, 1.1796, 18115
08/02/16, 1.226, 1.30, 1.2202, 1.24, 34132.5
08/01/16, 1.2822, 1.2822, 1.2006, 1.24, 18199.5
07/29/16, 1.22, 1.36, 1.22, 1.3132, 106597
07/28/16, 1.28, 1.3358, 1.28, 1.28, 4366.5
07/27/16, 1.36, 1.3832, 1.2398, 1.26, 16847.5
07/26/16, 1.2198, 1.58, 1.21, 1.32, 95120.5
07/25/16, 1.2198, 1.22, 1.14, 1.20, 14536.5
07/22/16, 1.22, 1.22, 1.183, 1.20, 12551
07/21/16, 1.1414, 1.2388, 1.04, 1.18, 58632
07/20/16, 1.26, 1.48, 1.14, 1.16, 114632.5
07/19/16, 1.2874, 1.30, 1.24, 1.26, 5923.5
07/18/16, 1.2788, 1.28, 1.2402, 1.2402, 3389
07/15/16, 1.2406, 1.30, 1.24, 1.278, 2734
07/14/16, 1.24, 1.30, 1.22, 1.24, 11957.5
07/13/16, 1.2416, 1.3798, 1.20, 1.24, 8525
07/12/16, 1.26, 1.54, 1.25, 1.3598, 65147
07/11/16, 1.20, 1.2618, 1.14, 1.26, 14594
07/08/16, 1.20, 1.2798, 1.20, 1.26, 10545
07/07/16, 1.18, 1.30, 1.16, 1.24, 55737
07/06/16, 1.1122, 1.20, 1.10, 1.10, 4741
07/05/16, 1.04, 1.20, 1.0002, 1.18, 11562
07/01/16, 1.20, 1.24, 1.20, 1.20, 3971.5
06/30/16, 1.1998, 1.20, 1.184, 1.20, 4060
06/29/16, 1.20, 1.22, 1.1998, 1.22, 5075.5
06/28/16, 1.04, 1.24, 1.04, 1.20, 1935
06/27/16, 1.0002, 1.30, 1.0002, 1.10, 31411
06/24/16, 1.0002, 1.10, 1.0002, 1.10, 5702.5
06/23/16, 1.07, 1.088, 1.06, 1.06, 5274.5
06/22/16, 1.10, 1.10, 1.0398, 1.04, 23051
06/21/16, 1.1902, 1.1902, 1.04, 1.06, 14680.5
06/20/16, 1.1602, 1.222, 1.1394, 1.1402, 7908
06/16/16, 1.2636, 1.28, 1.16, 1.2692, 5382.5
06/15/16, 1.2776, 1.28, 1.2776, 1.28, 3394.5
06/14/16, 1.26, 1.28, 1.24, 1.2798, 6732
06/13/16, 1.24, 1.26, 1.24, 1.26, 453.5
06/10/16, 1.10, 1.24, 1.10, 1.24, 1177.5
06/09/16, 1.26, 1.26, 1.2076, 1.24, 3178.5
06/08/16, 1.22, 1.24, 1.18, 1.18, 2198
06/07/16, 1.16, 1.22, 1.12, 1.12, 2765
06/06/16, 1.22, 1.22, 1.22, 1.22, 250.5
06/02/16, 1.24, 1.24, 1.1988, 1.1988, 4972
06/01/16, 1.28, 1.28, 1.18, 1.24, 885.5
05/31/16, 1.20, 1.28, 1.20, 1.28, 11737.5
05/27/16, 1.16, 1.239, 1.16, 1.1802, 1449
05/26/16, 1.2398, 1.2398, 1.197, 1.197, 591
05/25/16, 1.14, 1.1728, 1.14, 1.14, 4275.5
05/24/16, 1.18, 1.18, 1.16, 1.16, 155.5
05/23/16, 1.26, 1.26, 1.2402, 1.2402, 487.5
05/20/16, 1.20, 1.2598, 1.20, 1.2598, 280
05/19/16, 1.299, 1.299, 1.20, 1.20, 10507.5
05/18/16, 1.26, 1.2998, 1.16, 1.2998, 11657
05/17/16, 1.24, 1.30, 1.24, 1.26, 9776
05/16/16, 1.32, 1.3784, 1.30, 1.3004, 8752.5
05/13/16, 1.38, 1.38, 1.3798, 1.3798, 428
05/12/16, 1.32, 1.32, 1.30, 1.30, 10228.5
05/11/16, 1.377, 1.3996, 1.377, 1.3996, 3029
05/10/16, 1.34, 1.3736, 1.3368, 1.3704, 13342.5
05/09/16, 1.3994, 1.40, 1.34, 1.34, 14296.5
05/06/16, 1.36, 1.36, 1.32, 1.32, 11686
05/05/16, 1.3204, 1.3204, 1.3204, 1.3204, 685.5
05/04/16, 1.3196, 1.38, 1.3196, 1.38, 962.5
05/02/16, 1.40, 1.40, 1.3402, 1.3986, 1957.5
04/28/16, 1.3998, 1.3998, 1.3204, 1.342, 4947.5
04/27/16, 1.3412, 1.3602, 1.3202, 1.3202, 2400
04/26/16, 1.36, 1.36, 1.36, 1.36, 5043
04/25/16, 1.40, 1.48, 1.40, 1.42, 25651.5
04/22/16, 1.40, 1.40, 1.36, 1.40, 2294
04/21/16, 1.40, 1.40, 1.36, 1.36, 10554
04/20/16, 1.40, 1.40, 1.33, 1.33, 9223.5
04/18/16, 1.40, 1.40, 1.3798, 1.38, 5661
04/15/16, 1.3978, 1.3978, 1.3978, 1.3978, 493.5
04/14/16, 1.38, 1.38, 1.36, 1.36, 189.5
04/13/16, 1.40, 1.40, 1.28, 1.33, 4002
04/12/16, 1.357, 1.358, 1.357, 1.357, 1596.5
04/11/16, 1.32, 1.32, 1.32, 1.32, 6987
04/08/16, 1.32, 1.32, 1.28, 1.292, 1395.5
04/07/16, 1.32, 1.32, 1.26, 1.26, 10078
04/06/16, 1.2802, 1.3002, 1.2802, 1.30, 401
04/05/16, 1.30, 1.30, 1.28, 1.28, 1520.5
03/31/16, 1.3918, 1.3998, 1.3858, 1.3998, 2100
03/30/16, 1.3982, 1.40, 1.38, 1.40, 3221
03/29/16, 1.32, 1.40, 1.32, 1.40, 1087.5
03/28/16, 1.3918, 1.3998, 1.34, 1.34, 372.5
03/24/16, 1.3998, 1.3998, 1.3998, 1.3998, 230.5
03/23/16, 1.38, 1.40, 1.32, 1.40, 1001.5
03/22/16, 1.38, 1.40, 1.32, 1.32, 2172.5
03/21/16, 1.40, 1.42, 1.3406, 1.3798, 4838
03/18/16, 1.40, 1.4574, 1.3402, 1.3438, 128471
03/17/16, 1.3202, 1.40, 1.2602, 1.36, 18760.5
03/16/16, 1.34, 1.40, 1.34, 1.40, 11533
03/15/16, 1.40, 1.40, 1.2826, 1.34, 5275
03/14/16, 1.28, 1.40, 1.28, 1.3998, 3969.5
03/11/16, 1.30, 1.3794, 1.28, 1.36, 13937.5
03/10/16, 1.34, 1.3998, 1.28, 1.28, 4276
03/09/16, 1.28, 1.38, 1.28, 1.32, 4213
03/08/16, 1.36, 1.403, 1.2602, 1.2602, 6921.5
03/07/16, 1.4628, 1.50, 1.36, 1.38, 5362
03/04/16, 1.48, 1.4998, 1.46, 1.46, 1410.5
03/03/16, 1.48, 1.50, 1.42, 1.42, 775.5
03/02/16, 1.50, 1.5006, 1.44, 1.50, 1904.5
03/01/16, 1.46, 1.50, 1.46, 1.50, 25974
02/29/16, 1.50, 1.50, 1.40, 1.44, 16312
02/26/16, 1.4598, 1.48, 1.4396, 1.46, 6526
02/25/16, 1.368, 1.40, 1.368, 1.40, 49947.5
02/24/16, 1.38, 1.38, 1.368, 1.37, 1056
02/22/16, 1.36, 1.36, 1.36, 1.36, 609.5
02/19/16, 1.468, 1.468, 1.468, 1.468, 577
02/18/16, 1.4798, 1.4798, 1.36, 1.36, 563
02/17/16, 1.36, 1.56, 1.3596, 1.50, 8394.5
02/16/16, 1.38, 1.402, 1.36, 1.36, 1780.5
02/12/16, 1.5796, 1.5796, 1.5796, 1.5796, 200
02/11/16, 1.5202, 1.5202, 1.3332, 1.48, 2683.5
02/10/16, 1.68, 1.68, 1.52, 1.54, 9901
02/09/16, 1.6796, 1.6796, 1.6226, 1.6226, 177
02/08/16, 1.626, 1.671, 1.626, 1.671, 863.5
02/04/16, 1.72, 1.72, 1.66, 1.68, 509
02/03/16, 1.799, 1.799, 1.799, 1.799, 1042.5
02/02/16, 1.7952, 1.80, 1.7202, 1.7598, 3607
01/29/16, 1.8326, 1.8798, 1.72, 1.82, 1275.5
01/28/16, 1.90, 1.90, 1.6428, 1.80, 3686.5
01/25/16, 1.94, 1.94, 1.92, 1.92, 379.5
01/20/16, 1.9202, 1.98, 1.9202, 1.98, 1826
01/19/16, 1.988, 1.988, 1.988, 1.988, 75.5
01/15/16, 2.016, 2.04, 1.9204, 2.00, 5153.5
01/14/16, 1.9202, 1.9778, 1.9202, 1.97, 2191.5
01/13/16, 1.9604, 1.9642, 1.9402, 1.9422, 3111.5
01/12/16, 1.98, 1.98, 1.98, 1.98, 261
01/11/16, 2.00, 2.0578, 1.98, 2.0578, 2954.5
01/08/16, 2.06, 2.076, 2.06, 2.076, 1012
01/07/16, 1.9802, 2.108, 1.9802, 2.108, 1241.5
01/05/16, 2.22, 2.22, 2.16, 2.16, 700
01/04/16, 2.1802, 2.1812, 2.1096, 2.12, 2085.5
12/31/15, 2.188, 2.236, 2.18, 2.236, 1300
12/30/15, 2.22, 2.22, 2.18, 2.184, 1000
12/29/15, 2.2346, 2.2346, 2.2346, 2.2346, 187
12/28/15, 2.20, 2.2088, 2.18, 2.18, 4833.5
12/24/15, 2.18, 2.18, 2.18, 2.18, 130
12/23/15, 2.10, 2.10, 2.10, 2.10, 167.5
12/21/15, 2.10, 2.18, 2.10, 2.18, 2423.5
12/18/15, 2.16, 2.2598, 2.10, 2.10, 5762
12/17/15, 2.2998, 2.2998, 2.16, 2.16, 2633.5
12/16/15, 2.18, 2.26, 2.12, 2.20, 3599.5
12/15/15, 2.22, 2.24, 2.18, 2.18, 606
12/14/15, 2.32, 2.42, 1.98, 2.24, 9490.5
12/11/15, 2.4002, 2.4002, 2.28, 2.28, 4681.5
12/10/15, 2.30, 2.52, 2.30, 2.44, 5975
12/09/15, 2.42, 2.48, 2.32, 2.34, 2656
12/08/15, 2.38, 2.48, 2.38, 2.38, 512.5
12/07/15, 2.40, 2.42, 2.40, 2.40, 985
12/04/15, 2.4198, 2.58, 2.32, 2.34, 4665.5
12/02/15, 2.34, 2.36, 2.2716, 2.36, 4051.5
12/01/15, 2.56, 2.56, 2.3978, 2.3978, 168
11/30/15, 2.46, 2.46, 2.30, 2.38, 3544
11/25/15, 2.3376, 2.50, 2.30, 2.32, 4313.5
11/24/15, 2.36, 2.3602, 2.34, 2.36, 6782.5
11/23/15, 2.70, 2.70, 2.3494, 2.38, 2746
11/20/15, 2.40, 2.40, 2.38, 2.38, 1998.5
11/19/15, 2.46, 2.48, 2.46, 2.46, 261
11/18/15, 2.432, 2.62, 2.432, 2.62, 1494
11/17/15, 2.4064, 2.46, 2.40, 2.46, 808.5
11/16/15, 2.28, 2.42, 2.28, 2.42, 1165.5
11/13/15, 2.34, 2.44, 2.28, 2.28, 3724.5
11/12/15, 2.44, 2.44, 2.34, 2.34, 1673
11/11/15, 2.50, 2.50, 2.42, 2.42, 898
11/10/15, 2.46, 2.48, 2.46, 2.48, 860.5
11/09/15, 2.34, 2.40, 2.34, 2.40, 1042.5
11/06/15, 2.40, 2.42, 2.30, 2.42, 8237
11/05/15, 2.40, 2.48, 2.38, 2.48, 5407
11/04/15, 2.48, 2.50, 2.42, 2.4406, 2602.5
11/03/15, 2.50, 2.50, 2.4998, 2.50, 1823
11/02/15, 2.54, 2.68, 2.4608, 2.4608, 14785
10/30/15, 2.74, 2.74, 2.72, 2.72, 119.5
10/29/15, 2.50, 2.70, 2.50, 2.64, 4639
10/28/15, 2.78, 2.78, 2.50, 2.52, 2636.5
10/27/15, 2.44, 2.80, 2.44, 2.7998, 7754
10/26/15, 2.60, 2.60, 2.60, 2.60, 112
10/22/15, 2.56, 2.7198, 2.50, 2.54, 4452.5
10/21/15, 2.44, 2.78, 2.44, 2.78, 383
10/20/15, 2.4998, 2.72, 2.48, 2.70, 3576
10/19/15, 2.78, 2.78, 2.50, 2.50, 312
10/16/15, 2.38, 2.80, 2.38, 2.80, 3063
10/15/15, 2.3602, 2.78, 2.3602, 2.60, 5823.5
10/14/15, 2.32, 2.32, 2.30, 2.3002, 1531
10/13/15, 2.36, 2.36, 2.32, 2.32, 2013.5
10/12/15, 2.38, 2.392, 2.36, 2.36, 7564
10/09/15, 2.42, 2.42, 2.36, 2.36, 2748.5
10/08/15, 2.42, 2.44, 2.36, 2.40, 4281.5
10/07/15, 2.64, 2.64, 2.38, 2.38, 2655
10/05/15, 2.40, 2.54, 2.36, 2.40, 6361
10/02/15, 2.50, 3.16, 2.38, 2.38, 16309.5
10/01/15, 2.40, 2.40, 2.28, 2.30, 1695
09/30/15, 2.28, 2.38, 2.28, 2.30, 763.5
09/29/15, 2.46, 2.46, 2.28, 2.30, 1873
09/28/15, 2.42, 2.46, 2.3398, 2.3398, 1329
09/25/15, 2.46, 2.4784, 2.42, 2.44, 512.5
09/24/15, 2.48, 2.48, 2.48, 2.48, 140
09/22/15, 2.6002, 2.6002, 2.60, 2.60, 976.5
09/21/15, 2.66, 2.736, 2.66, 2.70, 1640
09/18/15, 2.84, 2.8402, 2.78, 2.78, 5844
09/17/15, 2.88, 2.88, 2.86, 2.86, 3897
09/15/15, 3.00, 3.16, 2.9192, 2.9192, 1758
09/14/15, 2.90, 2.96, 2.90, 2.96, 733
09/11/15, 2.88, 2.88, 2.88, 2.88, 1635.5
09/10/15, 2.88, 2.88, 2.88, 2.88, 77
09/09/15, 2.88, 2.8802, 2.88, 2.8802, 310.5
09/04/15, 2.90, 2.98, 2.88, 2.88, 624.5
09/03/15, 3.00, 3.06, 2.88, 2.90, 970.5
09/02/15, 3.00, 3.00, 2.88, 2.88, 509.5
09/01/15, 2.98, 2.98, 2.88, 2.92, 515
08/31/15, 2.98, 2.98, 2.90, 2.98, 692.5
08/28/15, 2.90, 2.92, 2.88, 2.88, 961
08/27/15, 3.04, 3.04, 2.90, 2.90, 395.5
08/26/15, 3.00, 3.00, 2.8832, 2.94, 602
08/25/15, 3.00, 3.00, 2.8908, 2.98, 1309.5
08/24/15, 3.04, 3.04, 2.88, 3.00, 806.5
08/21/15, 2.886, 2.886, 2.886, 2.886, 200
08/20/15, 2.90, 2.90, 2.88, 2.8802, 1777
08/19/15, 2.90, 2.94, 2.90, 2.94, 228
08/18/15, 2.90, 2.90, 2.90, 2.90, 111.5
08/17/15, 2.90, 2.90, 2.90, 2.90, 670.5
08/14/15, 2.88, 2.90, 2.88, 2.90, 610
08/13/15, 2.92, 2.92, 2.88, 2.90, 1783.5
08/11/15, 2.94, 2.96, 2.94, 2.96, 806.5
08/10/15, 2.9788, 3.00, 2.96, 2.96, 1628
08/07/15, 3.042, 3.042, 3.042, 3.042, 530.5
08/04/15, 3.24, 3.2798, 3.16, 3.16, 200.5
08/03/15, 3.22, 3.22, 3.22, 3.22, 54
07/31/15, 3.20, 3.3202, 3.08, 3.10, 8235.5
07/30/15, 3.16, 3.24, 3.16, 3.24, 155.5
07/29/15, 3.2998, 3.32, 3.14, 3.14, 2252
07/28/15, 3.36, 3.36, 3.212, 3.22, 1434
07/27/15, 3.25, 3.402, 3.16, 3.16, 903.5
07/24/15, 3.18, 3.20, 3.06, 3.18, 1972
07/23/15, 3.196, 3.20, 3.1018, 3.1018, 2281.5
07/22/15, 3.10, 3.354, 3.10, 3.20, 1425
07/21/15, 3.30, 3.318, 3.22, 3.22, 1114.5
07/20/15, 3.0856, 3.48, 3.0856, 3.14, 8502.5
07/17/15, 3.196, 3.50, 3.12, 3.28, 5841
07/16/15, 3.172, 3.40, 3.00, 3.20, 8943.5
07/15/15, 3.016, 3.136, 2.94, 3.0798, 6508
07/14/15, 2.938, 3.04, 2.934, 3.02, 8435
07/13/15, 2.90, 2.9202, 2.90, 2.92, 650
07/10/15, 2.94, 2.94, 2.88, 2.92, 4212
07/09/15, 3.0398, 3.0398, 2.88, 2.95, 13369.5
07/08/15, 2.92, 2.9826, 2.88, 2.88, 6934.5
07/07/15, 2.902, 2.98, 2.9002, 2.9006, 5018
07/06/15, 2.9984, 2.9984, 2.9984, 2.9984, 271.5
07/02/15, 2.94, 2.96, 2.94, 2.96, 355.5
07/01/15, 3.12, 3.12, 2.94, 2.94, 148
06/30/15, 2.9688, 3.14, 2.9688, 3.14, 570
06/29/15, 2.92, 2.9402, 2.92, 2.94, 3602
06/26/15, 2.9002, 2.9002, 2.88, 2.8832, 2573
06/25/15, 2.92, 2.92, 2.88, 2.9198, 11480
06/24/15, 3.002, 3.12, 2.90, 2.9202, 2350.5
06/23/15, 2.98, 2.9998, 2.88, 2.98, 980
06/22/15, 2.98, 3.18, 2.98, 3.18, 400
06/19/15, 2.96, 3.18, 2.95, 3.14, 1774.5
06/18/15, 2.96, 2.96, 2.96, 2.96, 530.5
06/17/15, 2.9602, 2.9602, 2.96, 2.96, 3210.5
06/16/15, 2.9798, 2.9798, 2.96, 2.9632, 488.5
06/15/15, 2.788, 2.984, 2.786, 2.9632, 5162.5
06/11/15, 2.84, 2.96, 2.84, 2.90, 10208.5
06/10/15, 2.94, 2.94, 2.76, 2.7602, 9187
06/09/15, 2.8554, 2.90, 2.8554, 2.90, 103.5
06/08/15, 2.78, 2.90, 2.78, 2.7892, 2882
06/05/15, 2.9398, 2.9398, 2.8894, 2.8894, 1097.5
06/04/15, 2.94, 2.9402, 2.80, 2.80, 3505
06/03/15, 2.88, 2.96, 2.86, 2.86, 800.5
06/02/15, 2.9202, 3.00, 2.9202, 2.982, 1280.5
06/01/15, 2.9814, 3.0802, 2.9798, 3.08, 1510
05/28/15, 2.804, 3.02, 2.802, 3.02, 8019
05/27/15, 2.84, 2.84, 2.74, 2.82, 8982.5
05/26/15, 2.9632, 2.9632, 2.896, 2.896, 77060
05/22/15, 2.9424, 2.96, 2.9424, 2.96, 650
05/21/15, 2.94, 3.02, 2.94, 2.94, 736
05/20/15, 2.9804, 2.9804, 2.92, 2.94, 9571.5
05/19/15, 2.946, 2.946, 2.94, 2.94, 199
05/18/15, 2.96, 3.00, 2.94, 2.94, 10780
05/15/15, 3.18, 3.18, 2.96, 3.02, 9547.5
05/14/15, 3.08, 3.18, 3.06, 3.08, 1483
05/13/15, 3.184, 3.24, 2.9802, 3.00, 1500
05/12/15, 2.9706, 3.08, 2.9706, 3.08, 9060
05/11/15, 3.04, 3.0726, 3.04, 3.06, 300
05/08/15, 3.08, 3.08, 3.08, 3.08, 50
05/07/15, 3.08, 3.24, 3.04, 3.0402, 2147
05/06/15, 3.24, 3.24, 3.0602, 3.24, 199.5
05/05/15, 3.1074, 3.1886, 3.06, 3.0602, 1639.5
05/04/15, 3.04, 3.122, 3.00, 3.12, 8895.5
05/01/15, 3.04, 3.10, 2.96, 3.0404, 3067
04/30/15, 3.10, 3.30, 3.04, 3.04, 10341.5
04/29/15, 3.20, 3.36, 3.06, 3.16, 10340.5
04/28/15, 3.20, 3.2998, 3.10, 3.10, 20055
04/27/15, 3.26, 3.38, 3.04, 3.08, 35526
04/24/15, 3.38, 3.70, 3.12, 3.18, 70361.5
04/23/15, 2.98, 3.34, 2.90, 3.26, 24258
04/22/15, 3.04, 3.0998, 3.00, 3.06, 13807.5
04/21/15, 3.12, 3.14, 2.972, 3.14, 23554.5
04/20/15, 3.20, 3.20, 3.00, 3.10, 13685.5
04/17/15, 3.12, 3.12, 3.12, 3.12, 300
04/16/15, 3.16, 3.16, 3.16, 3.16, 75
04/15/15, 3.046, 3.32, 3.046, 3.14, 317.5
04/14/15, 3.16, 3.30, 3.12, 3.12, 60242.5
04/13/15, 3.14, 3.28, 3.10, 3.1836, 2052.5
04/10/15, 3.16, 3.30, 3.08, 3.08, 6945.5
04/09/15, 3.18, 3.3798, 3.18, 3.2002, 25933.5
04/08/15, 3.32, 3.34, 3.16, 3.16, 2124.5
04/07/15, 3.34, 3.34, 3.34, 3.34, 50
04/06/15, 3.36, 3.46, 3.34, 3.46, 2064.5
04/02/15, 3.38, 3.38, 3.30, 3.32, 3609.5
04/01/15, 3.26, 3.30, 3.26, 3.30, 6735.5
03/31/15, 3.20, 3.26, 3.16, 3.26, 14550
03/30/15, 3.1798, 3.20, 2.96, 3.20, 6740
03/26/15, 3.26, 3.26, 3.26, 3.26, 152.5
03/25/15, 3.1802, 3.3198, 3.1802, 3.3198, 20306
03/23/15, 3.18, 3.24, 3.16, 3.20, 7453.5
03/20/15, 3.18, 3.22, 3.18, 3.22, 940
03/19/15, 3.28, 3.3168, 3.20, 3.20, 1841.5
03/18/15, 3.24, 3.24, 3.20, 3.22, 3807
03/17/15, 3.458, 3.458, 3.2912, 3.30, 1778
03/13/15, 3.22, 3.26, 3.22, 3.26, 414.5
03/12/15, 3.46, 3.46, 3.32, 3.44, 645
03/11/15, 3.32, 3.40, 3.32, 3.34, 934.5
03/10/15, 3.22, 3.2202, 3.22, 3.2202, 125.5
03/09/15, 3.18, 3.26, 3.16, 3.20, 4128
03/06/15, 3.30, 3.3786, 3.18, 3.3786, 5669
03/05/15, 3.20, 3.28, 3.18, 3.234, 2028
03/04/15, 3.20, 3.20, 3.20, 3.20, 200
03/03/15, 3.38, 3.38, 3.3002, 3.3002, 113
03/02/15, 3.56, 3.72, 3.26, 3.36, 8782
02/27/15, 3.32, 3.68, 3.32, 3.56, 3204.5
02/25/15, 3.62, 3.62, 3.342, 3.48, 268
02/24/15, 3.34, 3.51, 3.30, 3.38, 1300.5
02/23/15, 3.20, 3.42, 3.18, 3.42, 1553.5
02/20/15, 3.76, 3.76, 3.42, 3.42, 4064.5
02/19/15, 3.5398, 3.80, 3.30, 3.70, 32798
02/18/15, 3.22, 3.4398, 3.06, 3.40, 10446
02/17/15, 2.78, 3.18, 2.78, 3.1788, 6081.5
02/13/15, 3.04, 3.12, 3.02, 3.12, 1135
02/12/15, 3.12, 3.12, 3.10, 3.12, 1000
02/11/15, 3.22, 3.22, 3.10, 3.10, 3720
02/10/15, 3.0602, 3.2214, 3.0602, 3.2214, 102
02/09/15, 3.02, 3.1002, 3.02, 3.10, 1481.5
02/06/15, 3.10, 3.10, 3.072, 3.072, 266.5
02/05/15, 3.10, 3.16, 3.0776, 3.0776, 3891
02/04/15, 3.12, 3.12, 3.06, 3.06, 1147
02/03/15, 3.04, 3.12, 2.9802, 3.08, 4370
02/02/15, 3.0504, 3.10, 3.0504, 3.08, 700
01/30/15, 2.9802, 3.26, 2.9802, 3.10, 6404
01/29/15, 3.50, 3.60, 3.12, 3.1234, 832
01/28/15, 3.10, 3.28, 3.00, 3.08, 5852
01/27/15, 3.00, 3.16, 3.00, 3.10, 9212.5
01/26/15, 2.96, 3.08, 2.96, 3.06, 3399
01/23/15, 2.9202, 3.10, 2.92, 3.10, 10792.5
01/22/15, 3.1398, 3.18, 2.90, 3.04, 3073.5
01/21/15, 2.94, 3.12, 2.90, 3.00, 682
01/20/15, 2.92, 3.20, 2.90, 3.02, 3025.5
01/16/15, 2.96, 3.08, 2.96, 3.02, 8971.5
01/15/15, 2.9776, 3.0002, 2.94, 2.94, 5500
01/14/15, 2.94, 3.16, 2.94, 3.12, 600
01/13/15, 3.02, 3.30, 3.00, 3.00, 16961.5
01/12/15, 2.64, 3.12, 2.64, 3.02, 6056.5
01/09/15, 3.52, 3.52, 3.10, 3.10, 2100
01/08/15, 3.46, 3.48, 3.26, 3.2802, 2494
01/07/15, 3.32, 3.32, 3.20, 3.28, 2540
01/06/15, 3.40, 3.46, 3.28, 3.37, 1612
01/05/15, 3.40, 3.42, 3.10, 3.108, 7375
01/02/15, 3.68, 3.68, 3.20, 3.54, 15789.5
12/31/14, 3.00, 3.68, 2.9686, 3.68, 8901
12/30/14, 2.98, 3.32, 2.98, 3.02, 11133.5
12/29/14, 3.20, 3.20, 2.94, 3.06, 22829
12/26/14, 3.08, 3.20, 2.94, 3.18, 9812.5
12/24/14, 3.02, 3.18, 3.02, 3.18, 2453.5
12/23/14, 2.98, 3.018, 2.9002, 3.01, 15398
12/22/14, 2.90, 3.00, 2.90, 3.00, 1190.5
12/19/14, 2.9534, 3.01, 2.912, 2.93, 6044
12/18/14, 2.90, 3.00, 2.90, 3.00, 6607
12/17/14, 2.94, 3.00, 2.90, 3.00, 2568
12/16/14, 2.86, 2.98, 2.80, 2.86, 2895.5
12/15/14, 2.98, 3.08, 2.86, 2.978, 10662.5
12/12/14, 2.80, 2.92, 2.64, 2.8998, 11520.5
12/11/14, 2.86, 2.90, 2.64, 2.72, 23746.5
12/10/14, 2.862, 2.9798, 2.86, 2.88, 2127.5
12/09/14, 3.02, 3.04, 2.84, 2.88, 5287
12/08/14, 3.08, 3.12, 2.80, 2.84, 10413
12/05/14, 3.196, 3.20, 3.02, 3.12, 8375
12/04/14, 3.24, 3.42, 3.18, 3.28, 5587
12/03/14, 3.202, 3.26, 3.202, 3.26, 350
12/02/14, 3.2002, 3.32, 3.20, 3.20, 4400
12/01/14, 3.3798, 3.3798, 3.24, 3.24, 936.5
11/28/14, 3.2604, 3.42, 3.1624, 3.42, 1470
11/26/14, 3.18, 3.32, 3.04, 3.2992, 13235.5
11/25/14, 3.14, 3.16, 3.0402, 3.1464, 9699
11/24/14, 3.02, 3.10, 3.02, 3.0464, 7386.5
11/21/14, 2.82, 3.20, 2.82, 3.00, 21339
11/20/14, 3.06, 3.20, 2.96, 3.04, 24924.5
11/19/14, 3.16, 3.16, 3.00, 3.08, 16356
11/18/14, 3.00, 3.14, 3.00, 3.12, 20236
11/17/14, 2.80, 3.22, 2.58, 2.84, 28635
11/14/14, 3.04, 3.1598, 2.72, 2.8398, 33925
11/13/14, 3.3404, 3.40, 3.08, 3.16, 17507.5
11/12/14, 3.4402, 3.50, 3.4192, 3.44, 8677
11/11/14, 3.58, 3.58, 3.32, 3.36, 22206
11/10/14, 3.46, 3.58, 3.46, 3.54, 6954.5
11/07/14, 3.4334, 3.48, 3.4334, 3.46, 1599
11/06/14, 3.5002, 3.56, 3.42, 3.46, 9766.5
11/05/14, 3.64, 3.66, 3.4802, 3.5802, 26853
11/04/14, 3.76, 3.84, 3.38, 3.498, 27402.5
11/03/14, 3.78, 3.92, 3.72, 3.72, 21503.5
10/31/14, 3.64, 3.84, 3.52, 3.74, 15197
10/30/14, 3.88, 3.88, 3.54, 3.72, 21560.5
10/29/14, 3.78, 3.82, 3.44, 3.82, 55890.5
10/28/14, 4.30, 4.34, 3.64, 3.72, 86449.5
10/27/14, 4.20, 4.40, 4.14, 4.28, 9188.5
10/24/14, 4.40, 4.60, 4.10, 4.20, 131050
10/23/14, 4.00, 4.48, 3.94, 4.30, 112882.5
10/22/14, 4.24, 4.48, 3.918, 4.17, 100540.5
10/21/14, 4.48, 4.66, 4.20, 4.22, 103343.5
10/20/14, 4.88, 4.96, 4.46, 4.56, 169663.5
10/17/14, 5.50, 5.88, 4.94, 5.46, 623329
10/16/14, 4.70, 7.40, 4.56, 5.7998, 3936109
10/15/14, 4.50, 4.60, 4.08, 4.32, 123078
10/14/14, 5.16, 5.30, 4.16, 4.40, 327347.5
10/13/14, 6.98, 7.00, 4.90, 5.88, 806933
10/10/14, 3.70, 6.60, 3.70, 6.60, 1962277
10/09/14, 3.70, 3.70, 3.70, 3.70, 139.5
10/08/14, 3.998, 3.998, 3.20, 3.70, 20050
10/07/14, 3.90, 4.00, 3.88, 4.00, 1152
10/06/14, 3.98, 3.98, 3.88, 3.98, 1231
10/03/14, 4.00, 4.10, 3.98, 3.98, 6207.5
10/02/14, 4.00, 4.032, 3.88, 4.00, 16448
10/01/14, 4.00, 4.00, 3.98, 4.00, 2633.5
09/30/14, 3.94, 4.00, 3.94, 3.98, 950
09/29/14, 4.00, 4.12, 3.92, 4.00, 7455
09/26/14, 4.04, 4.10, 4.02, 4.02, 185
09/25/14, 4.18, 4.36, 4.10, 4.10, 1542
09/24/14, 4.04, 4.16, 3.90, 4.16, 3253
09/23/14, 4.04, 4.14, 3.92, 3.98, 5466.5
09/22/14, 3.92, 4.06, 3.92, 4.00, 8247
09/19/14, 4.10, 4.22, 3.94, 4.00, 13173.5
09/18/14, 4.12, 4.20, 4.06, 4.06, 7839.5
09/17/14, 4.30, 4.4998, 4.12, 4.16, 2431.5
09/16/14, 4.36, 4.50, 4.24, 4.30, 5723
09/15/14, 4.22, 4.46, 4.1234, 4.46, 7536
09/12/14, 4.24, 4.48, 4.20, 4.20, 7291.5
09/11/14, 4.76, 4.82, 4.38, 4.40, 81723.5
09/10/14, 4.40, 4.82, 4.38, 4.64, 4789.5
09/09/14, 4.50, 4.52, 4.26, 4.50, 51943
09/08/14, 4.42, 4.52, 4.36, 4.52, 6307
09/05/14, 4.16, 4.22, 4.14, 4.22, 2475
09/04/14, 4.18, 4.18, 4.08, 4.086, 591.5
09/03/14, 3.98, 4.16, 3.98, 4.16, 9512
09/02/14, 4.02, 4.18, 3.96, 3.98, 9259
08/29/14, 4.22, 4.26, 4.04, 4.06, 4246.5
08/28/14, 4.30, 4.30, 4.14, 4.16, 3927.5
08/27/14, 4.14, 4.26, 4.14, 4.26, 1662
08/26/14, 4.42, 4.45, 4.16, 4.16, 9327
08/25/14, 4.36, 4.50, 4.36, 4.50, 225
08/22/14, 4.36, 4.40, 4.36, 4.38, 438
08/21/14, 4.50, 4.50, 4.3602, 4.44, 2082
08/20/14, 4.40, 4.50, 4.36, 4.36, 705
08/19/14, 4.52, 4.72, 4.36, 4.3602, 5271.5
08/18/14, 4.68, 4.92, 4.486, 4.486, 29016.5
08/15/14, 4.30, 4.92, 4.28, 4.60, 56435.5
08/14/14, 4.00, 4.18, 4.00, 4.14, 24356
08/13/14, 4.20, 4.28, 4.18, 4.2402, 1442.5
08/12/14, 4.14, 4.30, 4.02, 4.14, 10402
08/11/14, 3.98, 4.14, 3.98, 4.10, 12655
08/08/14, 4.02, 4.02, 3.94, 4.02, 8253.5
08/07/14, 3.92, 4.08, 3.92, 3.92, 5567.5
08/06/14, 4.10, 4.12, 3.98, 3.98, 4151
08/05/14, 4.14, 4.14, 3.94, 3.94, 2618
08/04/14, 4.1608, 4.1608, 3.92, 3.94, 1296
08/01/14, 4.06, 4.24, 4.04, 4.16, 5173
07/31/14, 4.12, 4.18, 4.10, 4.16, 4825
07/30/14, 4.46, 4.46, 4.12, 4.12, 10201
07/29/14, 4.30, 4.40, 4.18, 4.20, 1908
07/25/14, 4.42, 4.46, 4.30, 4.30, 1044.5
07/24/14, 4.426, 4.4598, 4.426, 4.4598, 275
07/23/14, 4.46, 4.50, 4.26, 4.26, 13750
07/22/14, 4.50, 4.60, 4.28, 4.28, 9427
07/21/14, 4.4402, 4.62, 4.42, 4.44, 12079.5
07/18/14, 4.60, 4.64, 4.48, 4.639, 6852.5
07/17/14, 4.54, 4.84, 4.42, 4.42, 43326
07/16/14, 4.50, 4.58, 4.50, 4.56, 9550.5
07/15/14, 4.52, 4.62, 4.48, 4.48, 16471.5
07/14/14, 4.62, 4.64, 4.50, 4.52, 2552
07/11/14, 4.60, 4.66, 4.532, 4.532, 800
07/10/14, 4.80, 4.80, 4.58, 4.58, 589.5
07/09/14, 4.60, 4.62, 4.58, 4.58, 1100
07/08/14, 4.90, 4.90, 4.628, 4.628, 805
07/07/14, 4.60, 4.72, 4.60, 4.72, 644.5
07/03/14, 4.5802, 4.5802, 4.5802, 4.5802, 228
07/02/14, 5.14, 5.14, 4.62, 4.88, 5164.5
07/01/14, 4.862, 5.32, 4.84, 5.12, 3793
06/30/14, 4.72, 4.84, 4.68, 4.84, 3338.5
06/27/14, 4.9598, 4.9598, 4.70, 4.70, 365.5
06/26/14, 4.54, 4.96, 4.54, 4.96, 6937.5
06/23/14, 4.77, 4.77, 4.60, 4.74, 845
06/20/14, 4.86, 4.86, 4.522, 4.78, 2177
06/19/14, 4.78, 4.78, 4.78, 4.78, 349.5
06/18/14, 4.76, 4.8902, 4.6112, 4.6112, 2389
06/17/14, 4.80, 4.82, 4.539, 4.54, 15232.5
06/11/14, 4.594, 4.80, 4.594, 4.80, 535
06/10/14, 4.55, 4.6276, 4.55, 4.6276, 1794.5
06/09/14, 4.78, 4.78, 4.78, 4.78, 515
06/06/14, 4.22, 4.816, 4.22, 4.56, 8671
06/05/14, 4.24, 4.30, 4.104, 4.30, 550
06/04/14, 4.44, 4.44, 4.04, 4.20, 20617.5
06/03/14, 4.6002, 4.63, 4.38, 4.38, 3596
06/02/14, 5.02, 5.02, 4.69, 4.69, 2647
05/30/14, 4.86, 5.42, 4.80, 5.04, 1456.5
05/29/14, 5.22, 5.4198, 4.80, 4.8218, 4459.5
05/28/14, 5.44, 5.44, 4.84, 5.22, 5105
05/27/14, 4.82, 5.38, 4.80, 5.38, 6015
05/23/14, 4.7998, 4.7998, 4.7998, 4.7998, 1250
05/22/14, 4.7998, 4.918, 4.78, 4.88, 3706.5
05/21/14, 4.4998, 4.80, 4.22, 4.80, 5072
05/19/14, 4.30, 4.48, 4.30, 4.4798, 1976
05/16/14, 4.25, 4.28, 4.22, 4.28, 551.5
05/15/14, 4.38, 4.40, 4.38, 4.38, 1057
05/14/14, 4.3002, 4.50, 4.222, 4.36, 4857.5
05/13/14, 4.2998, 4.2998, 4.2998, 4.2998, 861
05/12/14, 4.36, 4.36, 4.28, 4.28, 933.5
05/09/14, 4.2002, 4.30, 4.20, 4.30, 5393.5
05/08/14, 4.2202, 4.2202, 4.2202, 4.2202, 403
05/06/14, 4.40, 4.46, 4.20, 4.26, 3736
05/05/14, 4.46, 4.46, 4.30, 4.30, 426
05/02/14, 4.26, 4.4998, 4.26, 4.4998, 1247
05/01/14, 4.28, 4.2802, 4.26, 4.26, 1872
04/30/14, 4.32, 4.32, 4.32, 4.32, 177.5
04/28/14, 4.34, 4.34, 4.34, 4.34, 96
04/25/14, 4.334, 4.334, 4.334, 4.334, 156.5
04/24/14, 4.34, 4.34, 4.3202, 4.322, 321.5
04/23/14, 4.40, 4.58, 4.30, 4.40, 1913
04/17/14, 4.52, 4.52, 4.42, 4.42, 355.5
04/14/14, 4.30, 4.38, 4.30, 4.36, 582
04/11/14, 4.54, 4.54, 4.3602, 4.3602, 1206.5
04/10/14, 4.282, 4.62, 4.2592, 4.5998, 2479
04/08/14, 4.32, 4.36, 4.30, 4.3598, 984
04/07/14, 4.44, 4.50, 4.32, 4.50, 300
04/04/14, 4.36, 4.54, 4.36, 4.38, 1754.5
04/03/14, 4.3602, 4.58, 4.3602, 4.58, 841.5
04/02/14, 4.3236, 4.62, 4.3236, 4.62, 904
04/01/14, 4.32, 4.61, 4.32, 4.61, 256
03/31/14, 4.40, 4.54, 4.40, 4.54, 2205
03/28/14, 4.25, 4.30, 4.25, 4.2994, 511
03/27/14, 4.30, 4.30, 4.23, 4.23, 124
03/25/14, 4.2202, 4.32, 4.2202, 4.32, 473.5
03/24/14, 4.5136, 4.5136, 4.20, 4.28, 14285.5
03/21/14, 4.72, 4.72, 4.46, 4.46, 2310.5
03/20/14, 4.7398, 4.74, 4.62, 4.62, 35805.5
03/19/14, 4.52, 4.62, 4.46, 4.62, 251004.5
03/18/14, 4.48, 4.48, 4.48, 4.48, 162.5
03/17/14, 4.8798, 4.8798, 4.52, 4.52, 418.5
03/13/14, 4.56, 4.78, 4.52, 4.58, 5067.5
03/12/14, 4.90, 5.20, 4.50, 4.62, 2751.5
03/11/14, 4.52, 5.28, 4.52, 4.82, 3648.5
03/10/14, 5.2566, 5.2566, 4.52, 4.6802, 15022.5
03/07/14, 4.74, 5.3386, 4.64, 4.64, 15359
03/06/14, 4.42, 4.70, 4.42, 4.70, 59419
03/05/14, 4.4398, 4.46, 4.3616, 4.3616, 2800
03/04/14, 4.402, 4.402, 4.40, 4.40, 225
03/03/14, 4.36, 4.40, 4.36, 4.40, 319.5
02/28/14, 4.32, 4.32, 4.30, 4.32, 15188
02/27/14, 4.36, 4.36, 4.316, 4.316, 2369.5
02/26/14, 4.44, 4.44, 4.42, 4.44, 640
02/25/14, 4.44, 4.44, 4.30, 4.40, 8467
02/24/14, 4.52, 4.56, 4.44, 4.44, 2385
02/21/14, 4.4202, 4.66, 4.34, 4.66, 42630.5
02/20/14, 4.42, 4.52, 4.42, 4.52, 4007.5
02/19/14, 4.4998, 4.50, 4.42, 4.4936, 8725
02/18/14, 4.68, 4.70, 4.42, 4.48, 15403.5
02/14/14, 4.8602, 4.92, 4.56, 4.56, 29774.5
02/13/14, 5.26, 5.5616, 4.86, 5.02, 12916
02/12/14, 5.18, 5.32, 5.04, 5.04, 3303
02/10/14, 5.02, 5.60, 5.02, 5.04, 868.5
02/07/14, 4.94, 5.00, 4.84, 4.92, 6219.5
02/06/14, 4.98, 5.58, 4.88, 4.88, 15205.5
02/05/14, 5.04, 5.04, 4.8048, 4.94, 1529.5
02/04/14, 4.9202, 5.60, 4.9202, 5.06, 5750.5
02/03/14, 5.16, 5.16, 4.92, 4.92, 1951
01/31/14, 4.92, 5.20, 4.92, 5.20, 1075
01/30/14, 5.08, 5.1998, 5.08, 5.168, 900
01/29/14, 5.20, 5.20, 4.96, 4.9624, 3068.5
01/28/14, 5.30, 5.30, 5.18, 5.20, 1844
01/27/14, 5.50, 5.50, 5.22, 5.22, 5415
01/24/14, 6.54, 7.80, 5.50, 5.50, 12618
01/23/14, 5.28, 6.70, 4.92, 6.44, 22668
01/22/14, 4.96, 5.26, 4.96, 5.08, 3664
01/21/14, 4.80, 5.30, 4.80, 4.96, 10274
01/17/14, 4.642, 4.86, 4.642, 4.86, 300
01/14/14, 4.8398, 4.8598, 4.8398, 4.8598, 1393.5
01/13/14, 4.72, 4.74, 4.72, 4.74, 630
01/09/14, 4.82, 4.82, 4.82, 4.82, 192.5
01/08/14, 4.74, 4.78, 4.64, 4.70, 2400
01/03/14, 4.6996, 4.6996, 4.6996, 4.6996, 250
01/02/14, 4.58, 4.72, 4.58, 4.72, 1083
12/31/13, 4.522, 4.72, 4.522, 4.56, 3418
12/30/13, 4.56, 4.78, 4.5202, 4.7602, 1291.5
12/27/13, 4.56, 4.6994, 4.50, 4.64, 3332.5
12/26/13, 4.52, 4.5202, 4.52, 4.52, 358.5
12/24/13, 4.52, 4.52, 4.52, 4.52, 52
12/23/13, 4.60, 4.6398, 4.50, 4.6398, 273
12/20/13, 4.58, 4.7998, 4.46, 4.46, 779
12/17/13, 4.54, 4.54, 4.46, 4.54, 28815
12/16/13, 4.66, 4.66, 4.48, 4.48, 3371.5
12/12/13, 4.4434, 4.60, 4.44, 4.60, 7117.5
12/11/13, 4.46, 4.58, 4.46, 4.46, 2615
12/10/13, 4.6394, 4.64, 4.5998, 4.5998, 770.5
12/09/13, 4.46, 4.5504, 4.45, 4.52, 15785.5
12/06/13, 4.46, 4.64, 4.44, 4.48, 67936.5
12/05/13, 4.48, 4.48, 4.42, 4.46, 8600.5
12/04/13, 4.56, 4.56, 4.54, 4.54, 455
12/03/13, 4.54, 4.7242, 4.54, 4.60, 844.5
12/02/13, 4.54, 4.86, 4.54, 4.62, 2650
11/29/13, 4.56, 4.56, 4.56, 4.56, 1000
11/27/13, 4.467, 4.474, 4.46, 4.474, 563.5
11/26/13, 4.46, 4.46, 4.46, 4.46, 50
11/25/13, 4.505, 4.52, 4.468, 4.52, 1332.5
11/22/13, 4.50, 4.56, 4.48, 4.56, 7917
11/21/13, 4.56, 4.56, 4.50, 4.50, 25300
11/20/13, 4.60, 4.6576, 4.60, 4.62, 3250
11/18/13, 4.6202, 4.7576, 4.6202, 4.7576, 300
11/15/13, 4.62, 4.62, 4.62, 4.62, 200
11/14/13, 4.67, 4.68, 4.62, 4.62, 907.5
11/12/13, 4.66, 4.96, 4.66, 4.72, 1130
11/07/13, 5.1276, 5.14, 5.0012, 5.14, 372.5
11/06/13, 5.02, 5.20, 4.96, 5.12, 1931
11/05/13, 4.96, 5.14, 4.96, 5.12, 1222.5
11/04/13, 4.84, 4.94, 4.84, 4.94, 4057
11/01/13, 4.7998, 4.80, 4.7998, 4.80, 1520
10/31/13, 4.80, 4.80, 4.80, 4.80, 231
10/29/13, 4.54, 4.78, 4.52, 4.78, 334.5
10/25/13, 4.56, 4.76, 4.56, 4.76, 31970.5
10/24/13, 4.76, 4.76, 4.50, 4.50, 4506.5
10/23/13, 4.84, 4.84, 4.82, 4.82, 2600
10/22/13, 4.80, 4.82, 4.76, 4.76, 6437.5
10/21/13, 4.66, 4.80, 4.66, 4.762, 2800
10/18/13, 4.60, 4.66, 4.54, 4.60, 2379
10/17/13, 4.532, 4.62, 4.42, 4.54, 16690
10/16/13, 4.52, 4.52, 4.50, 4.50, 816.5
10/15/13, 4.52, 4.52, 4.50, 4.50, 200
10/14/13, 4.56, 4.56, 4.56, 4.56, 50
10/11/13, 4.52, 4.58, 4.50, 4.56, 2650
10/10/13, 4.50, 4.549, 4.50, 4.50, 1054.5
10/09/13, 4.52, 4.52, 4.50, 4.52, 387.5
10/08/13, 4.5774, 4.80, 4.50, 4.50, 2450
10/07/13, 4.54, 4.56, 4.50, 4.50, 450
10/04/13, 4.56, 4.5998, 4.44, 4.50, 8410.5
10/03/13, 4.516, 4.52, 4.50, 4.50, 3709
10/02/13, 4.4402, 4.52, 4.44, 4.44, 1705.5
10/01/13, 4.4602, 4.56, 4.46, 4.46, 4900
09/30/13, 4.5218, 4.54, 4.52, 4.54, 1350
09/27/13, 4.66, 4.76, 4.52, 4.54, 3800
09/26/13, 5.08, 5.08, 4.58, 4.58, 15125
09/25/13, 4.74, 4.84, 4.62, 4.84, 45650
09/24/13, 4.90, 4.90, 4.60, 4.60, 24969.5
09/23/13, 4.94, 4.94, 4.80, 4.80, 2960.5
09/20/13, 4.68, 4.86, 4.5322, 4.86, 9325.5
09/19/13, 4.62, 4.8602, 4.46, 4.50, 20971.5
09/18/13, 4.44, 4.56, 4.44, 4.56, 350
09/17/13, 4.50, 4.6756, 4.50, 4.52, 1545
09/16/13, 4.58, 4.72, 4.56, 4.56, 250
09/13/13, 4.50, 4.74, 4.50, 4.72, 1030
09/12/13, 4.60, 4.798, 4.54, 4.54, 2502
09/11/13, 4.84, 4.84, 4.50, 4.50, 3637
09/10/13, 4.8984, 4.8984, 4.60, 4.64, 3184.5
09/09/13, 5.00, 5.00, 4.58, 4.58, 3863.5
09/06/13, 4.76, 5.00, 4.68, 5.00, 2007
09/05/13, 4.634, 4.872, 4.60, 4.868, 1024
09/04/13, 4.92, 4.92, 4.38, 4.90, 12885.5
08/28/13, 4.96, 4.9602, 4.96, 4.9602, 114
08/27/13, 4.94, 5.04, 4.92, 5.04, 24137
08/26/13, 4.97, 5.00, 4.97, 4.97, 500
08/23/13, 5.02, 5.036, 4.88, 4.90, 5720
08/21/13, 5.0194, 5.02, 5.005, 5.02, 1097.5
08/20/13, 4.98, 5.02, 4.96, 5.02, 1250
08/19/13, 5.00, 5.00, 4.98, 4.98, 329
08/16/13, 5.06, 5.0852, 5.00, 5.00, 1790
08/15/13, 5.00, 5.00, 4.98, 4.98, 500
08/13/13, 5.02, 5.12, 5.02, 5.05, 4633
08/12/13, 5.14, 5.14, 5.04, 5.1198, 850
08/09/13, 5.20, 5.28, 5.008, 5.2598, 4100
08/08/13, 5.06, 5.13, 5.04, 5.13, 800
08/07/13, 5.20, 5.22, 5.20, 5.22, 615
08/06/13, 4.98, 5.22, 4.98, 5.19, 1050
08/05/13, 5.22, 5.22, 5.08, 5.08, 1013.5
08/02/13, 5.40, 5.40, 4.98, 5.3366, 2426.5
08/01/13, 4.88, 5.48, 4.88, 5.48, 2865
07/31/13, 4.94, 4.94, 4.94, 4.94, 305.5
07/30/13, 5.46, 5.50, 4.94, 4.96, 5613.5
07/26/13, 5.48, 5.50, 5.48, 5.50, 100
07/25/13, 5.322, 5.68, 5.322, 5.34, 425
07/23/13, 5.38, 5.50, 5.30, 5.42, 1177
07/22/13, 5.42, 5.42, 5.42, 5.42, 100
07/19/13, 5.60, 5.60, 5.52, 5.52, 150
07/18/13, 5.42, 5.70, 5.40, 5.70, 1220
07/17/13, 5.84, 5.84, 5.34, 5.82, 2222
07/12/13, 5.1602, 5.86, 5.1602, 5.86, 667
07/11/13, 5.76, 5.76, 5.76, 5.76, 50
07/10/13, 5.84, 5.84, 5.8398, 5.84, 1007
07/09/13, 5.84, 5.84, 5.8398, 5.8398, 180
07/08/13, 5.58, 5.76, 5.54, 5.60, 2860
07/05/13, 5.42, 5.56, 5.36, 5.56, 5366.5
07/03/13, 5.36, 5.50, 5.36, 5.50, 1406
07/02/13, 5.46, 5.46, 5.245, 5.245, 1312.5
06/28/13, 5.40, 5.50, 5.40, 5.50, 878
06/26/13, 5.46, 5.46, 5.4106, 5.4106, 1605
06/25/13, 5.20, 5.20, 5.20, 5.20, 50
06/24/13, 5.20, 5.22, 5.20, 5.22, 100
06/21/13, 5.22, 5.48, 5.12, 5.48, 1216.5
06/20/13, 5.06, 5.20, 5.06, 5.20, 1900
06/19/13, 5.08, 5.08, 5.04, 5.04, 150
06/17/13, 5.14, 5.27, 5.04, 5.06, 1224.5
06/13/13, 5.38, 5.48, 5.0802, 5.0802, 2120.5
06/12/13, 5.28, 5.40, 5.22, 5.40, 1136.5
06/11/13, 5.0788, 5.18, 5.06, 5.18, 512.5
06/07/13, 5.24, 5.24, 5.10, 5.10, 216.5
06/06/13, 5.38, 5.38, 4.991, 5.32, 5527
06/04/13, 5.26, 5.26, 5.0602, 5.26, 468.5
06/03/13, 5.2998, 5.2998, 5.2998, 5.2998, 60.5
05/31/13, 5.14, 5.26, 4.9602, 4.9602, 1473.5
05/30/13, 5.192, 5.24, 4.94, 5.14, 1189
05/29/13, 4.88, 5.14, 4.88, 5.14, 828.5
05/28/13, 5.1598, 5.1598, 4.98, 4.98, 370
05/24/13, 4.88, 5.14, 4.88, 5.14, 612
05/23/13, 5.12, 5.12, 4.88, 4.92, 3638
05/22/13, 4.98, 5.12, 4.98, 5.08, 1150
05/21/13, 4.94, 5.1598, 4.895, 5.1466, 775.5
05/20/13, 5.00, 5.00, 5.00, 5.00, 50
05/17/13, 5.00, 5.26, 4.98, 5.10, 3455.5
05/16/13, 5.20, 5.52, 5.02, 5.02, 5300
05/15/13, 5.30, 5.30, 5.16, 5.20, 1150
05/14/13, 5.38, 5.38, 5.1876, 5.1876, 147.5
05/13/13, 5.46, 5.74, 5.46, 5.46, 1838.5
05/10/13, 5.268, 5.3146, 5.268, 5.3146, 695
05/07/13, 5.36, 5.36, 5.36, 5.36, 1848.5
05/02/13, 5.498, 5.498, 5.36, 5.36, 155
05/01/13, 5.48, 5.48, 5.48, 5.48, 50
04/30/13, 5.34, 5.46, 5.108, 5.44, 4685.5
04/29/13, 5.58, 5.60, 5.34, 5.60, 250
04/26/13, 5.26, 5.50, 5.26, 5.50, 150
04/25/13, 5.436, 5.70, 5.436, 5.70, 300
04/18/13, 5.28, 5.7356, 5.28, 5.632, 150
04/17/13, 5.34, 5.7376, 5.26, 5.64, 792.5
04/16/13, 5.40, 5.42, 5.40, 5.40, 1144.5
04/15/13, 5.46, 5.6618, 5.42, 5.6618, 426
04/12/13, 5.74, 5.78, 5.60, 5.60, 1396
04/11/13, 5.82, 5.86, 5.42, 5.50, 620.5
04/09/13, 5.46, 5.672, 5.34, 5.66, 1941
04/08/13, 5.34, 5.76, 5.22, 5.76, 600
04/05/13, 5.38, 5.38, 5.28, 5.28, 181
04/04/13, 5.32, 5.732, 5.32, 5.732, 370
04/03/13, 5.46, 5.70, 5.3002, 5.70, 362
04/01/13, 5.44, 5.54, 5.396, 5.50, 1735
03/28/13, 5.40, 5.54, 5.26, 5.30, 15870
03/27/13, 5.76, 5.76, 5.30, 5.40, 13819.5
03/26/13, 5.96, 5.96, 5.576, 5.7598, 498
03/25/13, 5.64, 6.08, 5.64, 5.76, 3850
03/22/13, 5.74, 5.78, 5.64, 5.7446, 2775
03/21/13, 5.50, 5.76, 5.50, 5.74, 3786
03/20/13, 5.4802, 5.4802, 5.4802, 5.4802, 100
03/19/13, 5.94, 5.94, 5.72, 5.72, 500
03/18/13, 5.6598, 5.881, 5.6598, 5.72, 2733.5
03/15/13, 5.60, 6.66, 5.58, 5.72, 25169.5
03/14/13, 5.76, 5.76, 5.60, 5.60, 275
03/13/13, 5.86, 5.86, 5.58, 5.58, 1220
03/12/13, 6.3798, 6.3798, 6.374, 6.374, 382.5
03/11/13, 5.22, 5.32, 5.22, 5.3198, 789.5
03/08/13, 5.60, 5.60, 5.2496, 5.2496, 2965
03/07/13, 6.26, 6.26, 5.08, 5.62, 4881.5
03/05/13, 5.36, 5.36, 5.32, 5.32, 150
03/04/13, 5.386, 5.4222, 5.28, 5.4222, 797.5
03/01/13, 5.38, 5.38, 5.38, 5.38, 50
02/28/13, 5.46, 5.48, 5.46, 5.48, 192
02/27/13, 5.20, 5.54, 5.20, 5.54, 450
02/26/13, 5.30, 5.38, 5.30, 5.38, 2281.5
02/22/13, 5.38, 5.46, 5.38, 5.46, 6334.5
02/21/13, 5.16, 5.38, 5.16, 5.38, 924
02/20/13, 5.16, 5.48, 5.16, 5.48, 1150
02/15/13, 4.96, 5.20, 4.96, 5.20, 865
02/14/13, 5.14, 5.14, 4.92, 4.92, 1762.5
02/13/13, 5.10, 5.10, 4.88, 4.96, 2065.5
02/11/13, 5.0998, 5.2394, 5.00, 5.2394, 790.5
02/08/13, 4.974, 4.974, 4.96, 4.96, 300
02/07/13, 5.12, 5.14, 5.04, 5.04, 1706.5
02/06/13, 5.20, 5.30, 5.12, 5.14, 1467.5
02/04/13, 5.10, 5.10, 5.10, 5.10, 67
02/01/13, 5.10, 5.10, 5.04, 5.04, 1129.5
01/31/13, 5.26, 5.26, 5.20, 5.20, 100
01/30/13, 5.30, 5.30, 5.30, 5.30, 123.5
01/29/13, 5.20, 5.20, 5.20, 5.20, 250
01/28/13, 5.34, 5.34, 5.30, 5.30, 1100
01/25/13, 5.48, 5.48, 5.40, 5.40, 550
01/24/13, 5.30, 5.60, 5.30, 5.30, 7376
01/23/13, 5.34, 5.34, 5.30, 5.30, 1025
01/17/13, 5.46, 5.46, 5.46, 5.46, 472.5
01/15/13, 5.26, 5.3052, 5.22, 5.30, 556.5
01/14/13, 5.46, 5.58, 5.20, 5.5798, 2681
01/11/13, 5.46, 5.5998, 5.44, 5.5998, 4043.5
01/10/13, 5.04, 5.30, 5.04, 5.30, 1976
01/04/13, 5.3394, 5.40, 5.3394, 5.40, 875.5
01/03/13, 5.2002, 5.34, 5.20, 5.30, 2150
01/02/13, 5.30, 5.30, 5.20, 5.30, 2001
12/31/12, 4.88, 5.58, 4.88, 5.26, 4970.5
12/28/12, 5.04, 5.0868, 5.04, 5.0868, 2650
12/27/12, 5.00, 5.02, 4.98, 5.02, 6639
12/26/12, 4.96, 5.02, 4.96, 5.02, 300
12/24/12, 5.06, 5.14, 4.96, 4.96, 5571
12/21/12, 4.96, 5.178, 4.96, 4.96, 1700
12/20/12, 5.08, 5.2696, 5.08, 5.10, 2512.5
12/19/12, 4.98, 5.10, 4.96, 5.10, 3093.5
12/18/12, 5.15, 5.15, 5.10, 5.10, 1550
12/17/12, 4.98, 5.10, 4.96, 5.10, 937
12/14/12, 5.08, 5.08, 5.08, 5.08, 50
12/13/12, 4.9602, 5.04, 4.9602, 5.04, 300
12/12/12, 5.02, 5.20, 4.98, 5.02, 9974.5
12/06/12, 5.04, 5.04, 5.04, 5.04, 700
12/05/12, 5.0008, 5.40, 5.0008, 5.10, 21532
12/04/12, 4.98, 5.177, 4.98, 5.10, 3231
12/03/12, 4.9602, 5.20, 4.9602, 5.10, 650
11/30/12, 4.98, 5.10, 4.98, 5.10, 3733
11/29/12, 5.10, 5.14, 5.10, 5.10, 7636
11/28/12, 5.16, 5.2202, 5.00, 5.00, 6251
11/27/12, 5.38, 5.38, 5.38, 5.38, 100
11/26/12, 5.28, 5.28, 5.20, 5.20, 200.5
11/23/12, 4.96, 5.40, 4.96, 5.38, 750
11/20/12, 4.98, 5.02, 4.96, 4.98, 5450
11/19/12, 5.02, 5.02, 5.02, 5.02, 50
11/16/12, 5.02, 5.04, 4.96, 4.98, 3806
11/15/12, 5.08, 5.16, 5.04, 5.04, 635
11/14/12, 5.16, 5.36, 5.04, 5.04, 498.5
11/09/12, 5.18, 5.20, 5.02, 5.06, 500
11/08/12, 5.14, 5.18, 5.08, 5.18, 677.5
11/07/12, 5.26, 5.28, 5.00, 5.12, 7923
11/06/12, 5.24, 5.24, 5.18, 5.18, 100
11/01/12, 5.50, 5.50, 5.50, 5.50, 73
10/31/12, 5.16, 5.5798, 5.16, 5.5798, 572.5
10/26/12, 5.30, 5.58, 5.30, 5.58, 450
10/25/12, 5.60, 5.60, 5.22, 5.28, 370.5
10/23/12, 5.56, 5.58, 5.40, 5.58, 424
10/22/12, 5.50, 5.60, 5.50, 5.60, 2124.5
10/19/12, 5.58, 5.58, 5.58, 5.58, 97.5
10/18/12, 5.24, 5.60, 5.24, 5.58, 4590
10/17/12, 5.46, 5.50, 5.0802, 5.44, 719
10/16/12, 5.14, 5.58, 5.12, 5.50, 1121.5
10/12/12, 5.14, 5.14, 5.10, 5.10, 150
10/11/12, 5.12, 5.30, 5.12, 5.30, 37603
10/10/12, 5.20, 5.30, 5.18, 5.20, 971
10/09/12, 5.30, 5.58, 5.30, 5.40, 316
10/08/12, 5.54, 5.54, 5.54, 5.54, 50
10/05/12, 5.16, 5.18, 5.10, 5.14, 569.5
10/04/12, 5.26, 5.30, 5.10, 5.14, 4326
10/03/12, 5.14, 5.60, 5.14, 5.1602, 987.5
10/02/12, 5.30, 5.30, 5.14, 5.20, 593
10/01/12, 5.40, 5.40, 5.1202, 5.18, 3863.5
09/28/12, 5.98, 6.30, 5.06, 5.24, 7386
09/27/12, 5.4272, 6.30, 5.4272, 6.24, 300
09/26/12, 5.60, 5.60, 5.4002, 5.54, 920
09/25/12, 5.30, 6.66, 5.18, 5.72, 11031
09/24/12, 5.66, 5.66, 5.16, 5.52, 1172
09/21/12, 5.58, 5.64, 5.52, 5.64, 300
09/20/12, 5.72, 5.72, 5.34, 5.34, 1389.5
09/19/12, 5.60, 5.76, 5.54, 5.76, 25603.5
09/18/12, 5.58, 5.738, 5.48, 5.738, 5979.5
09/14/12, 5.38, 5.60, 5.16, 5.60, 3356
09/13/12, 5.20, 5.20, 5.20, 5.20, 50
09/12/12, 5.18, 5.18, 5.14, 5.14, 500
09/11/12, 5.60, 5.60, 5.46, 5.46, 4092
09/07/12, 5.60, 5.60, 5.3002, 5.50, 1100
09/06/12, 5.42, 5.56, 5.42, 5.56, 419
09/05/12, 5.14, 5.50, 5.14, 5.50, 2771
09/04/12, 5.38, 5.38, 5.38, 5.38, 674
08/31/12, 5.167, 5.50, 5.14, 5.24, 3517
08/29/12, 5.38, 5.38, 5.38, 5.38, 3892.5
08/27/12, 5.40, 5.40, 5.36, 5.38, 450
08/22/12, 5.14, 5.32, 5.14, 5.30, 207.5
08/20/12, 5.54, 5.54, 5.00, 5.20, 11555
08/17/12, 5.50, 5.60, 5.50, 5.60, 2680
08/13/12, 5.60, 5.60, 5.60, 5.60, 70
08/10/12, 5.60, 5.68, 5.60, 5.68, 1169.5
08/09/12, 5.54, 5.61, 5.54, 5.61, 100
08/07/12, 5.52, 5.60, 5.50, 5.50, 200
08/06/12, 5.50, 5.60, 5.50, 5.50, 2700
08/03/12, 5.60, 5.60, 5.50, 5.50, 150
08/02/12, 5.50, 5.74, 5.50, 5.60, 3050
08/01/12, 5.60, 5.60, 5.50, 5.50, 200
07/31/12, 5.60, 5.82, 5.52, 5.54, 1239
07/30/12, 5.70, 5.92, 5.60, 5.60, 4114
07/27/12, 5.70, 5.99, 5.70, 5.70, 1955.5
07/25/12, 5.74, 5.74, 5.70, 5.70, 1531
07/24/12, 5.70, 5.86, 5.70, 5.70, 1225
07/23/12, 6.10, 6.14, 5.70, 5.70, 3110
07/19/12, 5.92, 5.92, 5.88, 5.88, 217.5
07/17/12, 5.86, 6.16, 5.80, 5.80, 4248.5
07/16/12, 5.92, 5.96, 5.80, 5.86, 1949
07/13/12, 5.94, 6.00, 5.86, 5.86, 1100
07/12/12, 5.92, 6.00, 5.92, 5.92, 2000
07/11/12, 5.98, 6.00, 5.92, 5.92, 8771.5
07/10/12, 5.98, 6.00, 5.98, 5.98, 619
07/06/12, 6.10, 6.10, 6.00, 6.00, 1250
07/05/12, 6.08, 6.12, 5.99, 6.00, 1400
07/03/12, 6.20, 6.20, 6.20, 6.20, 1500
07/02/12, 6.08, 6.20, 5.96, 5.96, 3560
06/29/12, 6.14, 6.24, 6.10, 6.24, 1487.5
06/28/12, 6.26, 6.36, 6.06, 6.10, 1673
06/27/12, 6.22, 6.34, 6.06, 6.08, 6177.5
06/26/12, 6.14, 6.48, 6.06, 6.48, 1501
06/25/12, 6.22, 6.22, 6.08, 6.08, 250
06/22/12, 6.08, 6.18, 6.06, 6.18, 812
06/21/12, 6.12, 6.20, 6.06, 6.06, 3950
06/19/12, 6.18, 6.20, 6.12, 6.20, 4177.5
06/18/12, 6.46, 6.52, 6.16, 6.16, 575
06/15/12, 6.46, 6.46, 6.46, 6.46, 100
06/14/12, 6.1402, 6.1402, 6.1402, 6.1402, 87.5
06/13/12, 6.12, 6.12, 6.12, 6.12, 50
06/12/12, 6.24, 6.38, 6.14, 6.36, 1215
06/11/12, 6.32, 6.38, 6.14, 6.38, 1257
06/08/12, 6.30, 6.30, 6.30, 6.30, 950
06/06/12, 6.34, 6.42, 6.30, 6.40, 1396
06/05/12, 6.40, 6.40, 6.20, 6.24, 909
06/04/12, 6.28, 6.54, 6.28, 6.48, 1350
06/01/12, 6.18, 6.30, 6.18, 6.30, 1114
05/31/12, 6.20, 6.50, 6.20, 6.20, 1624
05/30/12, 6.30, 6.30, 6.18, 6.18, 617
05/29/12, 6.42, 6.42, 6.2202, 6.2202, 881
05/24/12, 6.54, 6.58, 6.50, 6.58, 1100
05/23/12, 6.40, 6.60, 6.40, 6.60, 1030.5
05/22/12, 6.46, 6.46, 6.46, 6.46, 100
05/21/12, 6.22, 6.4998, 6.22, 6.4998, 312.5
05/18/12, 6.42, 6.42, 6.42, 6.42, 100
05/17/12, 6.46, 6.46, 6.46, 6.46, 69.5
05/16/12, 6.52, 6.54, 6.20, 6.54, 1601
05/15/12, 6.16, 6.24, 6.14, 6.14, 1373
05/14/12, 6.18, 6.42, 6.14, 6.14, 3514
05/10/12, 6.40, 6.40, 6.196, 6.2152, 299
05/09/12, 6.30, 6.34, 6.30, 6.30, 400
05/08/12, 6.39, 6.39, 6.39, 6.39, 54
05/07/12, 6.318, 6.4592, 6.318, 6.4592, 290.5
05/04/12, 6.70, 6.74, 6.315, 6.60, 2655
05/03/12, 6.66, 6.66, 6.30, 6.40, 1129
05/02/12, 6.48, 6.72, 6.48, 6.72, 400
05/01/12, 6.28, 6.60, 6.28, 6.60, 1100
04/27/12, 6.44, 6.44, 6.30, 6.32, 764.5
04/26/12, 6.40, 6.44, 6.36, 6.36, 1853
04/25/12, 6.40, 6.68, 6.40, 6.60, 424.5
04/24/12, 6.54, 6.54, 6.36, 6.40, 824.5
04/23/12, 6.50, 6.76, 6.50, 6.76, 2241
04/18/12, 6.36, 6.90, 6.28, 6.90, 2721
04/13/12, 6.40, 6.46, 6.36, 6.46, 450
04/12/12, 6.50, 6.5484, 6.4774, 6.50, 910
04/11/12, 6.405, 6.42, 6.38, 6.42, 191
04/09/12, 6.48, 6.48, 6.48, 6.48, 113.5
04/05/12, 6.68, 6.68, 6.46, 6.46, 634.5
04/03/12, 6.4936, 6.94, 6.42, 6.90, 1238
03/30/12, 6.40, 6.86, 6.34, 6.86, 11482.5
03/28/12, 6.40, 6.40, 6.40, 6.40, 50
03/27/12, 6.6198, 6.74, 6.5402, 6.64, 550
03/26/12, 6.5798, 6.84, 6.54, 6.84, 653.5
03/23/12, 6.56, 6.56, 6.56, 6.56, 50
03/22/12, 6.72, 6.94, 6.52, 6.56, 1101.5
03/20/12, 6.56, 6.94, 6.56, 6.90, 274
03/16/12, 6.90, 6.90, 6.40, 6.86, 348.5
03/15/12, 6.72, 6.74, 6.72, 6.74, 150
03/14/12, 6.46, 6.50, 6.4002, 6.50, 249
03/12/12, 6.30, 6.80, 6.30, 6.80, 1571
03/09/12, 6.64, 6.78, 6.58, 6.78, 7825
03/08/12, 6.8648, 6.8648, 6.8648, 6.8648, 294
03/07/12, 6.72, 6.72, 6.72, 6.72, 100
03/06/12, 6.72, 6.72, 6.72, 6.72, 285.5
03/05/12, 6.72, 6.765, 6.68, 6.72, 1936.5
03/02/12, 6.84, 6.92, 6.84, 6.92, 3550
03/01/12, 6.64, 6.84, 6.56, 6.84, 1950
02/29/12, 6.70, 6.70, 6.58, 6.70, 272
02/28/12, 6.80, 6.80, 6.50, 6.50, 2832
02/27/12, 6.80, 6.80, 6.80, 6.80, 100
02/24/12, 6.70, 6.98, 6.56, 6.96, 1171.5
02/23/12, 6.5002, 6.555, 6.5002, 6.555, 200
02/22/12, 6.76, 6.76, 6.76, 6.76, 122.5
02/21/12, 6.94, 7.00, 6.5602, 6.90, 1800
02/17/12, 6.34, 6.98, 6.34, 6.98, 4999.5
02/16/12, 6.345, 6.345, 6.3398, 6.3398, 299
02/15/12, 6.42, 6.52, 6.36, 6.40, 2462
02/14/12, 6.351, 6.878, 6.32, 6.32, 950
02/13/12, 6.26, 6.56, 6.26, 6.40, 1175
02/10/12, 6.74, 6.82, 6.62, 6.755, 503.5
02/08/12, 6.88, 6.88, 6.3002, 6.88, 2826.5
02/07/12, 6.5602, 6.84, 6.54, 6.84, 2097
02/06/12, 6.972, 6.98, 6.6272, 6.94, 1190
02/03/12, 6.82, 6.98, 6.69, 6.98, 3272
01/31/12, 7.06, 7.08, 6.94, 6.98, 455
01/27/12, 6.84, 6.86, 6.52, 6.64, 327
01/26/12, 6.48, 6.86, 6.48, 6.80, 508
01/25/12, 6.52, 6.52, 6.50, 6.50, 1425
01/24/12, 6.58, 6.70, 6.49, 6.60, 450
01/23/12, 6.84, 6.86, 6.44, 6.50, 1735
01/20/12, 6.52, 6.88, 6.26, 6.82, 1490
01/19/12, 6.44, 6.68, 6.20, 6.68, 1788
01/18/12, 6.52, 6.64, 6.22, 6.64, 2278
01/17/12, 6.28, 6.60, 6.28, 6.40, 2288
01/13/12, 6.36, 6.6598, 6.36, 6.6598, 375
01/12/12, 6.24, 7.00, 6.22, 6.30, 5533
01/06/12, 6.94, 6.94, 6.732, 6.732, 972.5
01/05/12, 6.78, 7.00, 6.56, 7.00, 3809.5
01/04/12, 6.42, 6.90, 6.4112, 6.80, 3059.5
01/03/12, 6.925, 6.925, 6.512, 6.76, 3676
12/30/11, 6.6598, 6.80, 6.28, 6.80, 7815.5
12/29/11, 6.38, 6.743, 6.28, 6.28, 2062.5
12/28/11, 6.586, 6.70, 6.16, 6.36, 1466
12/27/11, 6.1802, 6.70, 6.1802, 6.4002, 4888
12/23/11, 6.56, 7.12, 6.20, 6.50, 4659
12/22/11, 6.228, 6.60, 6.16, 6.38, 1350
12/21/11, 6.6802, 6.82, 6.34, 6.37, 8983
12/20/11, 6.34, 6.48, 6.34, 6.48, 3671
12/19/11, 6.34, 6.34, 6.34, 6.34, 31150
12/16/11, 6.56, 6.56, 6.36, 6.36, 1714.5
12/15/11, 6.60, 6.60, 6.36, 6.36, 650
12/14/11, 6.44, 6.44, 6.44, 6.44, 50
12/12/11, 6.52, 6.78, 6.36, 6.78, 1346.5
12/08/11, 6.58, 7.00, 6.42, 6.58, 2208
12/07/11, 6.76, 6.94, 6.43, 6.80, 4249.5
12/06/11, 6.80, 6.832, 6.78, 6.832, 969.5
12/05/11, 6.86, 6.86, 6.86, 6.86, 100
12/02/11, 6.80, 7.08, 6.80, 6.80, 750
12/01/11, 6.88, 7.00, 6.62, 6.62, 2538.5
11/30/11, 6.96, 7.28, 6.66, 7.22, 410.5
11/28/11, 6.90, 6.90, 6.90, 6.90, 50
11/25/11, 6.68, 7.30, 6.68, 7.30, 561.5
11/23/11, 7.16, 7.16, 6.98, 6.98, 100
11/22/11, 7.24, 7.30, 7.14, 7.30, 1000
11/21/11, 6.78, 6.96, 6.64, 6.74, 1950
11/18/11, 7.224, 7.224, 6.82, 7.20, 1050
11/17/11, 7.08, 7.11, 6.62, 6.92, 4149
11/16/11, 7.1002, 7.1002, 7.10, 7.10, 250
11/14/11, 7.44, 7.44, 7.24, 7.28, 1374
11/11/11, 7.10, 7.20, 7.10, 7.20, 499
11/10/11, 7.10, 7.20, 7.10, 7.10, 650
11/09/11, 7.0426, 7.18, 6.98, 7.10, 3034
11/08/11, 7.18, 7.18, 6.78, 6.94, 11906.5
11/07/11, 7.18, 7.18, 7.02, 7.18, 350
11/04/11, 6.666, 7.00, 6.64, 6.6602, 1759.5
11/03/11, 7.00, 7.08, 6.80, 6.82, 3430
11/02/11, 6.88, 7.00, 6.86, 7.00, 2360
11/01/11, 6.84, 7.50, 6.84, 6.92, 1463
10/31/11, 7.32, 7.43, 7.16, 7.16, 658
10/28/11, 7.34, 7.50, 7.34, 7.50, 1100
10/27/11, 7.34, 7.50, 7.20, 7.40, 2450.5
10/26/11, 7.10, 7.32, 7.10, 7.32, 4600
10/25/11, 7.34, 7.34, 7.244, 7.244, 498.5
10/24/11, 7.32, 7.34, 7.12, 7.13, 825
10/21/11, 7.10, 7.44, 7.10, 7.34, 4384.5
10/19/11, 7.08, 7.24, 6.88, 7.18, 2573
10/18/11, 6.84, 6.84, 6.84, 6.84, 100
10/17/11, 6.76, 7.50, 6.76, 7.06, 3510
10/14/11, 7.42, 7.50, 7.42, 7.50, 650
10/13/11, 6.92, 7.46, 6.90, 7.46, 24203.5
10/10/11, 7.16, 7.16, 7.16, 7.16, 100
10/06/11, 7.54, 7.58, 7.50, 7.50, 684
10/03/11, 7.70, 7.82, 7.26, 7.30, 2957.5
09/28/11, 7.00, 7.84, 7.00, 7.24, 995.5
09/27/11, 7.30, 7.6998, 7.30, 7.30, 757.5
09/23/11, 7.72, 7.92, 7.42, 7.46, 350
09/22/11, 7.72, 7.78, 7.00, 7.78, 2933
09/20/11, 7.90, 7.92, 7.60, 7.92, 750
09/19/11, 7.90, 7.98, 7.90, 7.92, 656.5
09/16/11, 7.98, 7.98, 7.92, 7.98, 1483.5
09/15/11, 7.3606, 7.60, 7.24, 7.60, 1598.5
09/14/11, 7.58, 7.58, 7.58, 7.58, 428
09/13/11, 7.58, 7.58, 7.22, 7.58, 1862
09/12/11, 7.80, 7.80, 7.50, 7.58, 482
09/09/11, 7.94, 7.94, 7.80, 7.88, 650
09/08/11, 7.58, 7.98, 7.58, 7.98, 1735
09/07/11, 7.64, 8.00, 7.50, 8.00, 7702
09/06/11, 6.80, 7.32, 6.80, 7.10, 1100
09/02/11, 6.84, 7.20, 6.72, 6.84, 2000
09/01/11, 7.12, 7.38, 6.98, 7.00, 1950
08/31/11, 7.24, 7.24, 7.20, 7.20, 502.5
08/30/11, 6.94, 7.52, 6.76, 7.10, 7016.5
08/29/11, 6.84, 7.4798, 6.68, 6.68, 950
08/26/11, 6.997, 7.68, 6.62, 6.90, 6167
08/25/11, 6.82, 7.22, 6.82, 7.00, 13756.5
08/24/11, 6.84, 7.20, 6.80, 6.90, 2850
08/23/11, 7.06, 7.24, 6.74, 7.06, 1650
08/22/11, 7.20, 7.20, 6.88, 7.12, 1139
08/19/11, 7.56, 7.56, 7.10, 7.20, 956
08/18/11, 7.6798, 7.6798, 7.58, 7.58, 350
08/17/11, 7.10, 7.60, 7.10, 7.46, 850
08/15/11, 7.20, 7.58, 7.20, 7.50, 150
08/12/11, 8.00, 8.00, 7.10, 7.88, 1931
08/11/11, 7.98, 7.98, 7.98, 7.98, 150
08/10/11, 7.16, 7.98, 7.10, 7.98, 2345
08/09/11, 7.14, 9.38, 6.94, 7.14, 1750
08/08/11, 7.38, 7.68, 7.30, 7.32, 4548
08/05/11, 7.54, 7.54, 7.38, 7.38, 1606.5
08/04/11, 7.60, 7.68, 7.50, 7.50, 2950
08/03/11, 7.54, 7.54, 7.54, 7.54, 200
08/01/11, 7.56, 7.70, 7.50, 7.50, 5112
07/29/11, 7.68, 7.728, 7.504, 7.58, 550
07/28/11, 7.64, 7.64, 7.50, 7.60, 5349
07/27/11, 7.72, 7.72, 7.50, 7.60, 2075.5
07/26/11, 8.08, 8.08, 7.80, 7.80, 617.5
07/25/11, 7.88, 8.00, 7.88, 7.92, 1607.5
07/22/11, 7.80, 8.00, 7.74, 8.00, 4562.5
07/21/11, 8.00, 8.00, 7.80, 7.80, 350
07/20/11, 7.82, 7.82, 7.76, 7.76, 1915
07/19/11, 8.18, 8.18, 8.18, 8.18, 50
07/18/11, 7.82, 8.10, 7.76, 8.10, 950.5
07/15/11, 8.14, 8.14, 8.04, 8.04, 250
07/14/11, 7.86, 8.24, 7.86, 8.18, 779
07/13/11, 8.11, 8.11, 7.868, 8.10, 420
07/12/11, 8.20, 8.40, 8.06, 8.06, 1300
07/11/11, 8.02, 8.58, 8.02, 8.16, 1907
07/08/11, 8.72, 8.84, 7.84, 8.02, 4770
07/07/11, 8.26, 8.80, 8.26, 8.38, 10446
07/06/11, 8.0402, 8.0402, 7.70, 7.7998, 325
07/05/11, 8.14, 8.36, 8.14, 8.16, 325
07/01/11, 8.02, 8.34, 8.02, 8.132, 952.5
06/30/11, 8.16, 8.38, 7.86, 8.08, 750
06/29/11, 7.84, 8.18, 7.74, 8.18, 788.5
06/28/11, 8.00, 8.20, 7.70, 8.20, 2158.5
06/27/11, 8.48, 8.48, 7.78, 7.78, 2479
06/24/11, 8.16, 8.24, 7.90, 7.90, 2662
06/21/11, 8.14, 8.36, 7.96, 8.18, 933
06/20/11, 7.92, 8.12, 7.92, 8.12, 693
06/17/11, 7.86, 8.18, 7.86, 8.14, 1491.5
06/16/11, 7.84, 8.00, 7.84, 8.00, 101
06/15/11, 8.32, 8.32, 7.84, 7.92, 1550
06/14/11, 7.90, 7.92, 7.90, 7.90, 15902.5
06/13/11, 7.94, 7.99, 7.90, 7.90, 1400
06/10/11, 8.12, 8.34, 7.96, 8.06, 7170
06/09/11, 8.46, 8.50, 8.10, 8.18, 766.5
06/07/11, 8.28, 8.28, 8.28, 8.28, 94
06/06/11, 8.24, 8.24, 8.24, 8.24, 94.5
06/03/11, 8.22, 8.22, 8.22, 8.22, 150
06/02/11, 8.28, 8.42, 8.073, 8.26, 873.5
06/01/11, 8.26, 8.42, 8.112, 8.112, 1500
05/31/11, 8.36, 8.36, 7.96, 8.30, 2242
05/25/11, 8.16, 8.16, 8.10, 8.12, 2500
05/24/11, 8.22, 8.2202, 8.02, 8.2198, 7520.5
05/20/11, 8.30, 8.30, 8.30, 8.30, 200
05/19/11, 8.46, 8.46, 8.20, 8.30, 1027.5
05/18/11, 8.34, 8.44, 8.1202, 8.44, 8947.5
05/17/11, 8.30, 8.318, 8.30, 8.318, 1556.5
05/16/11, 8.28, 8.28, 8.28, 8.28, 100
05/13/11, 8.40, 8.40, 8.38, 8.40, 12749.5
05/12/11, 8.36, 8.50, 8.36, 8.4998, 1687.5
05/11/11, 8.38, 8.38, 8.38, 8.38, 142.5
05/10/11, 8.38, 8.40, 8.38, 8.40, 1139.5
05/09/11, 8.40, 8.40, 8.38, 8.3818, 950
05/06/11, 8.50, 8.50, 8.50, 8.50, 50
05/05/11, 8.58, 8.58, 8.34, 8.34, 917.5
05/04/11, 8.44, 8.50, 8.40, 8.47, 24211
05/03/11, 8.62, 8.64, 8.62, 8.64, 1000
05/02/11, 8.42, 8.4712, 8.42, 8.4712, 500
04/29/11, 8.45, 8.52, 8.45, 8.52, 124.5
04/28/11, 8.42, 8.492, 8.40, 8.492, 550
04/27/11, 8.54, 8.54, 8.54, 8.54, 59
04/25/11, 8.42, 8.42, 8.42, 8.42, 900
04/21/11, 8.44, 8.44, 8.42, 8.42, 3700.5
04/19/11, 8.50, 8.50, 8.40, 8.40, 1700
04/14/11, 8.48, 8.48, 8.48, 8.48, 150
04/12/11, 8.82, 8.82, 8.5534, 8.5534, 225
04/11/11, 8.82, 8.82, 8.8002, 8.8002, 330
04/08/11, 9.12, 9.12, 8.66, 8.66, 200
04/07/11, 8.70, 9.00, 8.60, 8.66, 2824
04/06/11, 9.16, 9.18, 8.44, 9.00, 2573.5
04/05/11, 8.52, 9.20, 8.52, 9.20, 2114
04/04/11, 8.56, 8.70, 8.56, 8.70, 100
04/01/11, 8.86, 8.86, 8.756, 8.756, 302
03/31/11, 8.48, 8.92, 8.48, 8.824, 3037.5
03/30/11, 8.86, 8.86, 8.54, 8.771, 4800
03/29/11, 9.08, 9.08, 8.72, 8.86, 200
03/28/11, 9.20, 9.22, 8.48, 8.54, 1889
03/25/11, 8.50, 9.14, 8.40, 9.10, 3833
03/24/11, 8.50, 8.52, 8.50, 8.50, 1075
03/23/11, 8.54, 8.58, 8.54, 8.58, 350
03/22/11, 8.40, 8.58, 8.36, 8.44, 3124.5
03/21/11, 8.38, 8.38, 8.36, 8.36, 194
03/18/11, 8.61, 8.64, 8.5998, 8.5998, 2182
03/17/11, 8.42, 8.64, 8.40, 8.64, 652
03/16/11, 8.46, 8.98, 8.4002, 8.4002, 1015
03/15/11, 8.4002, 8.98, 8.4002, 8.4002, 1015
03/14/11, 8.38, 9.40, 8.38, 8.6398, 2482.5
03/11/11, 9.30, 9.30, 8.74, 8.82, 6480.5
03/10/11, 9.54, 9.54, 9.02, 9.14, 1628.5
03/09/11, 10.12, 10.12, 10.12, 10.12, 50
03/08/11, 9.64, 9.9798, 9.64, 9.88, 350
03/07/11, 9.90, 10.18, 9.06, 9.71, 7729.5
03/04/11, 9.82, 10.02, 9.3002, 9.3002, 808
03/03/11, 9.38, 10.06, 9.123, 10.02, 4818
03/02/11, 9.36, 10.28, 8.713, 9.20, 4417
03/01/11, 9.64, 9.66, 8.80, 9.40, 2188
02/28/11, 9.60, 10.0198, 9.28, 9.42, 883
02/25/11, 9.68, 9.96, 9.68, 9.96, 2012.5
02/24/11, 9.72, 9.96, 9.50, 9.54, 1000
02/23/11, 10.14, 10.18, 9.42, 9.64, 2608
02/22/11, 9.82, 10.78, 9.24, 9.80, 9711.5
02/18/11, 10.24, 10.26, 9.41, 9.70, 5977.5
02/17/11, 9.60, 10.90, 8.98, 10.18, 13791.5
02/16/11, 10.49, 11.32, 9.48, 9.6002, 5220
02/15/11, 9.56, 11.62, 8.81, 10.68, 6908.5
02/14/11, 9.16, 10.08, 8.40, 9.56, 7278.5
02/11/11, 8.98, 9.04, 8.66, 9.00, 6540.5
02/10/11, 9.00, 9.02, 8.72, 9.00, 2755
02/09/11, 9.00, 9.02, 8.8298, 9.00, 4543
02/08/11, 8.4402, 9.20, 8.44, 9.04, 922.5
02/07/11, 8.50, 9.04, 8.50, 9.0112, 3513
02/04/11, 8.824, 8.90, 8.824, 8.90, 227.5
02/01/11, 8.60, 8.78, 8.60, 8.78, 1612
01/31/11, 8.78, 8.80, 8.44, 8.5998, 1250
01/28/11, 8.60, 8.80, 8.60, 8.80, 10000
01/27/11, 8.36, 8.64, 8.36, 8.64, 1596.5
01/26/11, 8.48, 8.64, 8.48, 8.6398, 150
01/25/11, 8.38, 8.402, 8.34, 8.40, 3608.5
01/24/11, 8.40, 8.42, 8.40, 8.40, 33400.5
01/21/11, 8.62, 8.66, 8.62, 8.66, 812.5
01/20/11, 8.42, 8.66, 8.40, 8.66, 2617
01/19/11, 8.50, 8.50, 8.50, 8.50, 400
01/14/11, 8.21, 8.68, 8.21, 8.68, 681
01/13/11, 8.24, 8.72, 8.14, 8.68, 3134.5
01/12/11, 8.74, 8.74, 8.30, 8.74, 2626.5
01/10/11, 8.90, 8.90, 8.20, 8.30, 1917.5
01/07/11, 8.22, 8.88, 8.22, 8.64, 3066
01/06/11, 8.22, 8.86, 8.20, 8.76, 1100
01/05/11, 8.26, 8.8998, 8.22, 8.8998, 1040.5
01/04/11, 8.25, 9.00, 8.25, 8.92, 2258
01/03/11, 8.70, 8.70, 8.00, 8.40, 1360.5
12/31/10, 8.62, 8.76, 8.4632, 8.5998, 2310.5
12/30/10, 8.40, 8.70, 8.10, 8.56, 3495.5
12/29/10, 7.74, 8.24, 7.74, 7.96, 9492.5
12/28/10, 8.22, 8.708, 7.30, 7.40, 54140
12/27/10, 8.38, 9.18, 8.38, 9.18, 101.5
12/23/10, 9.46, 9.58, 8.94, 9.33, 2371.5
12/22/10, 9.424, 9.50, 8.60, 8.90, 3865.5
12/21/10, 8.12, 8.52, 8.06, 8.52, 782
12/20/10, 8.94, 9.00, 8.40, 8.56, 3634
12/17/10, 8.92, 8.92, 8.92, 8.92, 457.5
12/16/10, 8.0002, 8.23, 8.00, 8.22, 2292
12/14/10, 8.06, 8.52, 8.00, 8.50, 400
12/13/10, 8.80, 8.80, 8.80, 8.80, 425.5
12/10/10, 8.24, 8.50, 8.24, 8.50, 4155.5
12/09/10, 8.26, 8.26, 8.18, 8.18, 125
12/08/10, 7.98, 8.26, 7.62, 8.26, 2493
12/07/10, 8.0602, 8.68, 8.06, 8.16, 932
12/06/10, 8.75, 8.75, 8.24, 8.24, 860
12/03/10, 7.44, 8.98, 7.3602, 8.98, 1370.5
12/02/10, 8.38, 8.76, 8.38, 8.44, 412.5
12/01/10, 8.40, 8.80, 8.22, 8.80, 650
11/30/10, 8.94, 8.94, 8.40, 8.40, 850
11/29/10, 8.20, 8.50, 8.18, 8.50, 4467
11/24/10, 8.02, 8.44, 7.90, 8.16, 3287.5
11/22/10, 7.22, 8.28, 7.18, 8.00, 667
11/19/10, 7.96, 7.9602, 7.96, 7.9602, 100
11/18/10, 7.92, 7.96, 7.92, 7.92, 286
11/17/10, 8.40, 8.40, 8.14, 8.40, 1385
11/16/10, 8.46, 8.50, 8.26, 8.50, 1426
11/15/10, 8.50, 8.60, 8.50, 8.52, 1050
11/12/10, 8.62, 8.62, 8.62, 8.62, 50
11/10/10, 8.60, 8.80, 7.72, 8.68, 4174.5
11/09/10, 8.60, 8.60, 8.60, 8.60, 393.5
11/08/10, 7.66, 8.50, 7.66, 8.50, 3560.5
11/04/10, 8.54, 8.76, 8.00, 8.46, 304.5
11/03/10, 7.50, 7.50, 7.50, 7.50, 50
11/02/10, 7.38, 7.50, 6.88, 7.50, 1756
11/01/10, 7.48, 7.48, 6.94, 7.38, 271
10/29/10, 7.5398, 7.80, 7.16, 7.40, 4312
10/28/10, 7.80, 7.80, 7.42, 7.53, 1916.5
10/27/10, 8.36, 8.38, 7.80, 7.80, 774.5
10/26/10, 8.90, 8.94, 8.44, 8.52, 1968.5
10/25/10, 8.84, 9.04, 8.1248, 8.46, 3777
10/22/10, 8.38, 8.40, 8.38, 8.3998, 150
10/21/10, 8.38, 9.00, 8.07, 8.3002, 4101
10/19/10, 7.72, 7.72, 7.72, 7.72, 50
10/14/10, 8.3602, 8.80, 8.3602, 8.40, 1724.5
10/13/10, 8.58, 8.80, 8.02, 8.80, 2450
10/12/10, 8.42, 8.64, 8.06, 8.42, 1850
10/11/10, 8.06, 8.08, 7.992, 7.992, 728
10/08/10, 8.12, 8.12, 7.94, 8.08, 971.5
10/07/10, 8.16, 8.52, 7.96, 8.52, 790.5
10/05/10, 8.22, 8.56, 8.22, 8.56, 492.5
10/04/10, 8.10, 8.10, 7.80, 7.94, 711
10/01/10, 8.26, 8.26, 8.19, 8.19, 234.5
09/30/10, 8.50, 8.50, 7.74, 8.26, 1593.5
09/28/10, 7.76, 8.90, 7.74, 8.90, 5388
09/27/10, 8.00, 8.00, 7.716, 7.82, 1097.5
09/24/10, 8.4002, 8.62, 8.4002, 8.62, 925.5
09/22/10, 8.18, 8.54, 8.18, 8.52, 273
09/21/10, 8.54, 8.60, 8.54, 8.60, 240.5
09/20/10, 8.48, 8.54, 8.36, 8.54, 1554.5
09/17/10, 8.48, 8.48, 8.48, 8.48, 86.5
09/16/10, 8.14, 8.47, 8.14, 8.47, 5115
09/14/10, 8.00, 8.14, 7.58, 8.1398, 2968
09/13/10, 8.14, 8.20, 8.12, 8.14, 13210.5
09/10/10, 8.58, 8.58, 8.00, 8.44, 7323.5
09/09/10, 8.24, 8.42, 8.24, 8.42, 3680
09/07/10, 8.00, 8.34, 7.98, 8.24, 8144.5
09/03/10, 7.34, 8.00, 7.3398, 8.00, 6007
09/02/10, 7.10, 7.24, 7.10, 7.24, 1800
09/01/10, 6.86, 7.00, 6.86, 7.00, 8875
08/31/10, 7.02, 7.06, 7.02, 7.02, 645
08/30/10, 6.56, 6.94, 6.50, 6.94, 14455
08/27/10, 6.50, 6.50, 6.50, 6.50, 550
08/25/10, 6.46, 6.60, 6.46, 6.60, 1940
08/23/10, 6.60, 6.66, 6.60, 6.60, 16749.5
08/20/10, 6.60, 6.60, 6.60, 6.60, 38386
08/19/10, 6.92, 6.92, 6.73, 6.78, 3350
08/18/10, 6.60, 6.60, 6.60, 6.60, 50
08/17/10, 6.80, 6.80, 6.80, 6.80, 250
08/13/10, 6.40, 6.72, 6.40, 6.56, 537
08/12/10, 6.7998, 6.7998, 6.7998, 6.7998, 50
08/10/10, 6.42, 6.84, 6.40, 6.49, 2327.5
08/09/10, 6.38, 6.38, 6.38, 6.38, 50
08/06/10, 6.52, 6.56, 6.40, 6.40, 1414.5
08/04/10, 6.62, 7.00, 6.62, 7.00, 438.5
08/03/10, 6.62, 6.90, 6.46, 6.78, 601.5
08/02/10, 6.64, 6.74, 6.6202, 6.74, 345
07/30/10, 6.64, 6.64, 6.64, 6.64, 1215
07/29/10, 6.62, 6.62, 6.62, 6.62, 50
07/27/10, 6.6802, 6.8956, 6.66, 6.66, 400
07/26/10, 6.70, 6.70, 6.70, 6.70, 150
07/23/10, 6.70, 7.06, 6.70, 7.06, 191
07/22/10, 6.66, 6.66, 6.66, 6.66, 100
07/21/10, 6.64, 6.64, 6.64, 6.64, 200
07/19/10, 6.94, 6.98, 6.76, 6.80, 700
07/16/10, 6.64, 6.64, 6.64, 6.64, 50
07/14/10, 7.04, 7.04, 6.90, 6.90, 201.5
07/12/10, 6.80, 6.9658, 6.80, 6.96, 628
07/09/10, 6.76, 6.76, 6.7598, 6.7598, 1097.5
07/08/10, 6.76, 6.76, 6.76, 6.76, 19722.5
07/07/10, 6.68, 6.78, 6.68, 6.76, 1882
07/06/10, 7.0998, 7.26, 7.06, 7.26, 1151
07/02/10, 6.96, 7.10, 6.60, 7.10, 5688.5
07/01/10, 6.90, 7.00, 6.90, 7.00, 290.5
06/28/10, 7.16, 7.35, 7.00, 7.28, 3067
06/24/10, 7.20, 7.36, 7.20, 7.36, 1528
06/23/10, 7.18, 7.32, 7.18, 7.22, 412.5
06/22/10, 6.86, 7.28, 6.86, 7.28, 837.5
06/21/10, 7.46, 7.48, 7.46, 7.48, 112
06/18/10, 7.30, 7.70, 7.30, 7.70, 163.5
06/17/10, 7.16, 7.36, 7.16, 7.36, 9962
06/16/10, 7.12, 7.56, 7.12, 7.56, 237.5
06/15/10, 7.20, 7.32, 7.12, 7.32, 2950
06/14/10, 7.62, 7.62, 7.04, 7.20, 1334.5
06/11/10, 7.30, 7.62, 7.145, 7.62, 1215
06/10/10, 7.16, 7.32, 6.86, 7.30, 1407
06/09/10, 7.104, 7.104, 7.104, 7.104, 125
06/08/10, 7.32, 7.56, 7.215, 7.215, 1116.5
06/07/10, 7.66, 7.66, 7.26, 7.42, 1595
06/04/10, 7.64, 7.64, 7.64, 7.64, 1250
06/03/10, 7.6122, 7.6122, 7.6122, 7.6122, 255.5
06/01/10, 7.31, 7.32, 7.30, 7.32, 360.5
05/28/10, 7.62, 7.63, 7.18, 7.1802, 1700
05/27/10, 7.32, 7.70, 7.04, 7.70, 31180
05/26/10, 7.60, 7.60, 7.04, 7.30, 1422
05/21/10, 7.08, 7.68, 7.08, 7.58, 3230
05/20/10, 7.40, 7.50, 7.04, 7.44, 5477
05/19/10, 7.32, 7.42, 7.18, 7.24, 631
05/18/10, 7.48, 7.56, 7.48, 7.56, 150
05/17/10, 7.32, 7.88, 7.32, 7.50, 1391
05/13/10, 7.73, 7.73, 7.20, 7.30, 554
05/12/10, 7.12, 7.76, 7.12, 7.75, 600.5
05/11/10, 7.58, 7.838, 7.58, 7.81, 878
05/07/10, 7.48, 7.50, 7.24, 7.24, 675
05/06/10, 7.36, 7.74, 7.24, 7.36, 12000.5
05/05/10, 7.70, 7.70, 7.352, 7.352, 384.5
04/30/10, 7.06, 7.90, 7.06, 7.70, 2373.5
04/29/10, 7.51, 7.52, 7.51, 7.52, 261
04/28/10, 7.88, 7.90, 7.80, 7.80, 1305.5
04/26/10, 7.96, 7.99, 7.90, 7.90, 700
04/23/10, 7.3602, 8.00, 7.3602, 7.96, 4850
04/21/10, 7.94, 7.94, 7.342, 7.9398, 788.5
04/20/10, 7.30, 7.96, 7.30, 7.94, 1609.5
04/19/10, 7.36, 7.36, 7.36, 7.36, 300
04/16/10, 7.40, 7.50, 7.40, 7.50, 1762.5
04/15/10, 7.50, 7.50, 7.50, 7.50, 175
04/14/10, 7.51, 7.604, 7.51, 7.51, 250
04/13/10, 7.78, 7.92, 7.34, 7.52, 813
04/12/10, 7.54, 7.54, 7.50, 7.50, 100662.5
04/08/10, 7.64, 7.64, 7.50, 7.50, 527.5
04/07/10, 7.82, 7.88, 7.06, 7.42, 4567
04/06/10, 7.84, 7.90, 7.61, 7.90, 450
04/05/10, 7.98, 7.98, 7.50, 7.50, 1105.5
04/01/10, 7.80, 8.00, 7.67, 7.90, 5067
03/31/10, 6.9002, 7.84, 6.9002, 7.50, 3181
03/30/10, 7.92, 7.92, 6.56, 7.16, 1718
03/26/10, 7.82, 7.8202, 7.82, 7.8202, 508
03/25/10, 7.60, 7.98, 6.98, 7.64, 8252.5
03/24/10, 7.8398, 7.8398, 7.8398, 7.8398, 254
03/23/10, 8.00, 8.06, 7.80, 7.80, 1250
03/22/10, 7.80, 8.30, 7.80, 8.00, 3508
03/19/10, 8.60, 8.60, 7.80, 7.80, 1367.5
03/18/10, 7.96, 8.86, 7.94, 8.22, 6000
03/17/10, 7.96, 7.96, 7.93, 7.93, 784
03/16/10, 7.997, 7.997, 7.90, 7.90, 100
03/15/10, 7.98, 8.36, 7.96, 7.96, 430
03/12/10, 7.1088, 7.9998, 7.1088, 7.9998, 1120
03/11/10, 7.98, 8.36, 6.84, 8.18, 1929
03/10/10, 7.94, 8.00, 7.37, 8.00, 1052
03/09/10, 7.96, 8.00, 7.94, 7.94, 450
03/08/10, 7.00, 8.16, 6.56, 8.14, 2153
03/05/10, 8.00, 8.06, 7.82, 7.82, 3277.5
03/04/10, 7.02, 9.92, 7.02, 8.00, 7112
03/03/10, 8.32, 8.68, 8.68, 8.32, 0
03/02/10, 7.50, 8.68, 6.80, 8.68, 775
03/01/10, 7.84, 7.96, 7.50, 7.516, 2905
02/26/10, 7.84, 7.84, 7.84, 7.84, 50
02/25/10, 7.92, 8.00, 7.92, 8.00, 750
02/24/10, 8.104, 8.104, 8.02, 8.10, 836.5
02/23/10, 8.50, 8.5002, 7.556, 8.00, 1017
02/22/10, 9.06, 9.06, 9.06, 9.06, 0
02/19/10, 9.06, 9.06, 9.0534, 9.06, 3067.5
02/18/10, 10.36, 10.36, 9.92, 9.92, 150
02/17/10, 9.57, 10.36, 9.57, 10.36, 175
02/16/10, 9.98, 9.98, 9.98, 9.98, 0
02/12/10, 9.98, 9.98, 9.98, 9.98, 0
02/11/10, 9.9998, 10.02, 9.98, 9.98, 480
02/10/10, 9.9798, 9.90, 9.90, 9.9798, 0
02/09/10, 9.98, 9.98, 9.90, 9.90, 162.5
02/08/10, 9.9998, 9.9998, 9.9998, 9.9998, 60
02/05/10, 9.96, 9.96, 9.96, 9.96, 0
02/04/10, 9.96, 9.84, 9.84, 9.96, 0
02/03/10, 9.96, 9.96, 9.84, 9.84, 100
02/02/10, 9.32, 10.43, 9.32, 9.98, 203.5
02/01/10, 10.02, 10.02, 9.30, 9.30, 1290
01/29/10, 10.22, 10.40, 9.60, 10.00, 2933
01/28/10, 10.36, 10.40, 10.28, 10.40, 400
01/27/10, 10.06, 10.06, 10.002, 10.002, 484
01/26/10, 10.38, 10.38, 10.36, 10.38, 3100
01/25/10, 10.52, 10.50, 10.50, 10.52, 0
01/22/10, 10.50, 10.52, 10.52, 10.50, 0
01/21/10, 10.52, 10.52, 10.52, 10.52, 50
01/20/10, 10.04, 10.04, 10.04, 10.04, 50
01/19/10, 10.00, 10.52, 10.00, 10.52, 1739.5
01/15/10, 10.30, 10.30, 10.00, 10.20, 841
01/14/10, 10.48, 10.48, 10.10, 10.46, 2328
01/13/10, 10.22, 10.00, 10.00, 10.22, 0
01/12/10, 10.00, 10.00, 10.00, 10.00, 3837.5
01/11/10, 10.50, 10.52, 10.00, 10.00, 1184
01/08/10, 10.00, 10.10, 10.00, 10.00, 2438
01/07/10, 10.416, 10.416, 9.68, 10.00, 2405.5
01/06/10, 10.08, 10.08, 9.76, 10.00, 2007.5
01/05/10, 10.0002, 10.0002, 10.0002, 10.0002, 0
01/04/10, 10.68, 10.72, 10.00, 10.0002, 1262